trial_id,Reward_Mean_Env,Reward_Std_Env,Length_Mean_Env,Length_Std_Env,loss/actor,loss/critic1,loss/critic2,loss/alpha,alpha,adv_dynamics_update/all_loss,adv_dynamics_update/sl_loss,adv_dynamics_update/adv_loss,adv_dynamics_update/adv_advantage,adv_dynamics_update/adv_log_prob,model_path,timestamp,checkpoint_dir_name,done,training_iteration,date,time_this_iter_s,time_total_s,pid,hostname,node_ip,time_since_restore,iterations_since_restore,experiment_tag,hparams/act_shape,hparams/action_shape,hparams/actor_lr,hparams/adv_rollout_batch_size,hparams/adv_rollout_length,hparams/adv_train_steps,hparams/adv_weight,hparams/algo_name,hparams/alpha_lr,hparams/alpha,hparams/critic_lr,hparams/device,hparams/discount,hparams/dynamics_hidden_dims,hparams/dynamics_path,hparams/dynamics_save_path,hparams/dynamics_update_freq,hparams/dynamics_weight_decay,hparams/eval_episodes,hparams/exp_name,hparams/hidden_dims,hparams/horizon,hparams/include_ent_in_adv,hparams/learnable_alpha,hparams/logvar_loss_coef,hparams/max_action,hparams/max_epochs_since_update,hparams/max_epoch,hparams/model_retain_epochs,hparams/normalize_obs,hparams/obs_shape,hparams/policy_batch_size,hparams/policy_bc_batch_size,hparams/policy_bc_epoch,hparams/policy_bc_lr,hparams/policy_bc_path,hparams/policy_bc_save_path,hparams/policy_scaler,hparams/real_data_ratio,hparams/rollout_batch_size,hparams/rollout_freq,hparams/seed,hparams/soft_target_tau,hparams/steps_per_epoch,hparams/target_entropy,hparams/task_data_type,hparams/task_train_num,hparams/task,hparams/trainsition_clip,hparams/transition_adv_lr,hparams/transition_batch_size,hparams/transition_init_num,hparams/transition_lr,hparams/transition_max_epochs,hparams/transition_scaler,hparams/transition_select_num,hparams/val_frequency,hparams/val_ratio,config/horizon,config/transition_adv_lr,config/adv_weight,config/seed,hparams/grid_tune/adv_weight,hparams/grid_tune/horizon,hparams/grid_tune/transition_adv_lr,hparams/kwargs/algo_name,hparams/kwargs/dynamics_path,hparams/kwargs/exp_name,hparams/kwargs/seed,hparams/kwargs/task,config/kwargs/exp_name,config/kwargs/algo_name,config/kwargs/task,config/kwargs/dynamics_path,config/kwargs/seed,hparams/params_tune/adv_weight/type,hparams/params_tune/adv_weight/value,hparams/params_tune/horizon/type,hparams/params_tune/horizon/value,hparams/params_tune/real_data_ratio/type,hparams/params_tune/real_data_ratio/value
f56dc_00000,17.183853487845457,1.2596295267751156,23.304,3.5602786407808025,11813783.0,328460206080.0,228195516416.0,-5663.166015625,1.0,-91.52120082187652,-91.52120082187652,0.2399963679611683,7.429625838994979e-10,65.5284030380249,/home/ubuntu/yi/offlinerl/OfflineRL/offlinerl_tmp/.aim/models/bd406b6a88074e00953dd00f/policy.pt,1715146445,,True,1,2024-05-08_13-34-05,48798.40771341324,48798.40771341324,1709965,common-ts1resyc,10.244.12.190,48798.40771341324,1,"0_adv_weight=0,horizon=1,seed=7,transition_adv_lr=0.0010",,[3],0.0001,256,5,1000,0.0,rambo,0.0001,0.2,0.0003,cuda,0.99,"[200, 200, 200, 200]",/home/ubuntu/yi/offlinerl/OfflineRL/offlinerl_tmp/.aim/dynamics_model/d806354bcd01401684a1b3cb/dynamics_model.pt,,1000,"[2.5e-05, 5e-05, 7.5e-05, 7.5e-05, 0.0001]",10,RandomFrictionHopper-rambo,"[256, 256]",1,False,True,0.01,,5,2000,5,False,[13],256,256,50,0.0001,,,True,0.5,50000.0,250,7,0.005,1000,,medium,99,RandomFrictionHopper,True,0.001,256,7,0.001,,True,5,10,0.2,1,0.001,0.0,7,"[0, 0.001, 0.0003]","[1, 5]","[0.001, 0.0003]",rambo,/home/ubuntu/yi/offlinerl/OfflineRL/offlinerl_tmp/.aim/dynamics_model/d806354bcd01401684a1b3cb/dynamics_model.pt,RandomFrictionHopper-rambo,7,RandomFrictionHopper,RandomFrictionHopper-rambo,rambo,RandomFrictionHopper,/home/ubuntu/yi/offlinerl/OfflineRL/offlinerl_tmp/.aim/dynamics_model/d806354bcd01401684a1b3cb/dynamics_model.pt,7,discrete,"[0, 0.0003]",discrete,"[1, 2, 5]",discrete,"[0.05, 0.1, 0.2]"
f56dc_00001,-2.838747915299164,0.018015557662006645,6.0,0.0,140245.953125,13921144832.0,14681246720.0,-5666.78662109375,1.0,108051.67635248859,108051.67921328923,-2.864746519498527,7.46455043554306e-10,26.617364406585693,/home/ubuntu/yi/offlinerl/OfflineRL/offlinerl_tmp/.aim/models/bef08b36d7c548b58b9ec868/policy.pt,1715147081,,True,1,2024-05-08_13-44-41,49432.97123813629,49432.97123813629,1709966,common-ts1resyc,10.244.12.190,49432.97123813629,1,"1_adv_weight=0.0010,horizon=1,seed=7,transition_adv_lr=0.0010",,[3],0.0001,256,5,1000,0.001,rambo,0.0001,0.2,0.0003,cuda,0.99,"[200, 200, 200, 200]",/home/ubuntu/yi/offlinerl/OfflineRL/offlinerl_tmp/.aim/dynamics_model/d806354bcd01401684a1b3cb/dynamics_model.pt,,1000,"[2.5e-05, 5e-05, 7.5e-05, 7.5e-05, 0.0001]",10,RandomFrictionHopper-rambo,"[256, 256]",1,False,True,0.01,,5,2000,5,False,[13],256,256,50,0.0001,,,True,0.5,50000.0,250,7,0.005,1000,,medium,99,RandomFrictionHopper,True,0.001,256,7,0.001,,True,5,10,0.2,1,0.001,0.001,7,"[0, 0.001, 0.0003]","[1, 5]","[0.001, 0.0003]",rambo,/home/ubuntu/yi/offlinerl/OfflineRL/offlinerl_tmp/.aim/dynamics_model/d806354bcd01401684a1b3cb/dynamics_model.pt,RandomFrictionHopper-rambo,7,RandomFrictionHopper,RandomFrictionHopper-rambo,rambo,RandomFrictionHopper,/home/ubuntu/yi/offlinerl/OfflineRL/offlinerl_tmp/.aim/dynamics_model/d806354bcd01401684a1b3cb/dynamics_model.pt,7,discrete,"[0, 0.0003]",discrete,"[1, 2, 5]",discrete,"[0.05, 0.1, 0.2]"
f56dc_00002,-4.225767330513211,0.100329459653211,6.0,0.0,3994134.0,1264702980096.0,1403612561408.0,-5664.4296875,1.0,-34.42043143796921,-34.42016369342804,-0.892654980354011,3.674067556858063e-10,18.146834736824037,/home/ubuntu/yi/offlinerl/OfflineRL/offlinerl_tmp/.aim/models/a2ed8b2be1d84b01b63bf48e/policy.pt,1715147281,,True,1,2024-05-08_13-48-01,49634.501147031784,49634.501147031784,1709967,common-ts1resyc,10.244.12.190,49634.501147031784,1,"2_adv_weight=0.0003,horizon=1,seed=7,transition_adv_lr=0.0010",,[3],0.0001,256,5,1000,0.0003,rambo,0.0001,0.2,0.0003,cuda,0.99,"[200, 200, 200, 200]",/home/ubuntu/yi/offlinerl/OfflineRL/offlinerl_tmp/.aim/dynamics_model/d806354bcd01401684a1b3cb/dynamics_model.pt,,1000,"[2.5e-05, 5e-05, 7.5e-05, 7.5e-05, 0.0001]",10,RandomFrictionHopper-rambo,"[256, 256]",1,False,True,0.01,,5,2000,5,False,[13],256,256,50,0.0001,,,True,0.5,50000.0,250,7,0.005,1000,,medium,99,RandomFrictionHopper,True,0.001,256,7,0.001,,True,5,10,0.2,1,0.001,0.0003,7,"[0, 0.001, 0.0003]","[1, 5]","[0.001, 0.0003]",rambo,/home/ubuntu/yi/offlinerl/OfflineRL/offlinerl_tmp/.aim/dynamics_model/d806354bcd01401684a1b3cb/dynamics_model.pt,RandomFrictionHopper-rambo,7,RandomFrictionHopper,RandomFrictionHopper-rambo,rambo,RandomFrictionHopper,/home/ubuntu/yi/offlinerl/OfflineRL/offlinerl_tmp/.aim/dynamics_model/d806354bcd01401684a1b3cb/dynamics_model.pt,7,discrete,"[0, 0.0003]",discrete,"[1, 2, 5]",discrete,"[0.05, 0.1, 0.2]"
f56dc_00003,168.67442344418242,2.427979133861794,107.989,1.2364784672609548,-79.30116271972656,1.3329356908798218,1.7917639017105103,-0.028042592108249664,0.01936246082186699,-82.26927936410904,-82.26927936410904,0.6134137880057097,5.790498107671738e-10,72.23751584625244,/home/ubuntu/yi/offlinerl/OfflineRL/offlinerl_tmp/.aim/models/833505d7924e4fceaf298573/policy.pt,1715151266,,True,1,2024-05-08_14-54-26,53618.74599337578,53618.74599337578,1709968,common-ts1resyc,10.244.12.190,53618.74599337578,1,"3_adv_weight=0,horizon=5,seed=7,transition_adv_lr=0.0010",,[3],0.0001,256,5,1000,0.0,rambo,0.0001,0.2,0.0003,cuda,0.99,"[200, 200, 200, 200]",/home/ubuntu/yi/offlinerl/OfflineRL/offlinerl_tmp/.aim/dynamics_model/d806354bcd01401684a1b3cb/dynamics_model.pt,,1000,"[2.5e-05, 5e-05, 7.5e-05, 7.5e-05, 0.0001]",10,RandomFrictionHopper-rambo,"[256, 256]",5,False,True,0.01,,5,2000,5,False,[13],256,256,50,0.0001,,,True,0.5,50000.0,250,7,0.005,1000,,medium,99,RandomFrictionHopper,True,0.001,256,7,0.001,,True,5,10,0.2,5,0.001,0.0,7,"[0, 0.001, 0.0003]","[1, 5]","[0.001, 0.0003]",rambo,/home/ubuntu/yi/offlinerl/OfflineRL/offlinerl_tmp/.aim/dynamics_model/d806354bcd01401684a1b3cb/dynamics_model.pt,RandomFrictionHopper-rambo,7,RandomFrictionHopper,RandomFrictionHopper-rambo,rambo,RandomFrictionHopper,/home/ubuntu/yi/offlinerl/OfflineRL/offlinerl_tmp/.aim/dynamics_model/d806354bcd01401684a1b3cb/dynamics_model.pt,7,discrete,"[0, 0.0003]",discrete,"[1, 2, 5]",discrete,"[0.05, 0.1, 0.2]"
f56dc_00004,150.31979030492337,27.544862050917445,115.147,12.083103533447026,-8.469259262084961,4.251042366027832,4.1317901611328125,0.4796364903450012,0.09060072153806686,-45.756763044163584,-45.757429035678506,0.6660300768502057,-1.257285475730896e-10,13.907814915657044,/home/ubuntu/yi/offlinerl/OfflineRL/offlinerl_tmp/.aim/models/f2ec31b45c34438eb65f804c/policy.pt,1715149900,,True,1,2024-05-08_14-31-40,52252.67992377281,52252.67992377281,1709969,common-ts1resyc,10.244.12.190,52252.67992377281,1,"4_adv_weight=0.0010,horizon=5,seed=7,transition_adv_lr=0.0010",,[3],0.0001,256,5,1000,0.001,rambo,0.0001,0.2,0.0003,cuda,0.99,"[200, 200, 200, 200]",/home/ubuntu/yi/offlinerl/OfflineRL/offlinerl_tmp/.aim/dynamics_model/d806354bcd01401684a1b3cb/dynamics_model.pt,,1000,"[2.5e-05, 5e-05, 7.5e-05, 7.5e-05, 0.0001]",10,RandomFrictionHopper-rambo,"[256, 256]",5,False,True,0.01,,5,2000,5,False,[13],256,256,50,0.0001,,,True,0.5,50000.0,250,7,0.005,1000,,medium,99,RandomFrictionHopper,True,0.001,256,7,0.001,,True,5,10,0.2,5,0.001,0.001,7,"[0, 0.001, 0.0003]","[1, 5]","[0.001, 0.0003]",rambo,/home/ubuntu/yi/offlinerl/OfflineRL/offlinerl_tmp/.aim/dynamics_model/d806354bcd01401684a1b3cb/dynamics_model.pt,RandomFrictionHopper-rambo,7,RandomFrictionHopper,RandomFrictionHopper-rambo,rambo,RandomFrictionHopper,/home/ubuntu/yi/offlinerl/OfflineRL/offlinerl_tmp/.aim/dynamics_model/d806354bcd01401684a1b3cb/dynamics_model.pt,7,discrete,"[0, 0.0003]",discrete,"[1, 2, 5]",discrete,"[0.05, 0.1, 0.2]"
f56dc_00005,-2.413485814129155,0.28923394112542256,12.039,0.5324274598478181,-4.558190822601318,2.6200082302093506,2.63533353805542,-0.36862891912460327,0.09200354665517807,-27.7401049952507,-27.744516414403915,14.704741520285607,6.3236802816391e-10,18.383947724342345,/home/ubuntu/yi/offlinerl/OfflineRL/offlinerl_tmp/.aim/models/c5e628a5f7c14fa2bf1c0c00/policy.pt,1715150821,,True,1,2024-05-08_14-47-01,53173.27881336212,53173.27881336212,1709970,common-ts1resyc,10.244.12.190,53173.27881336212,1,"5_adv_weight=0.0003,horizon=5,seed=7,transition_adv_lr=0.0010",,[3],0.0001,256,5,1000,0.0003,rambo,0.0001,0.2,0.0003,cuda,0.99,"[200, 200, 200, 200]",/home/ubuntu/yi/offlinerl/OfflineRL/offlinerl_tmp/.aim/dynamics_model/d806354bcd01401684a1b3cb/dynamics_model.pt,,1000,"[2.5e-05, 5e-05, 7.5e-05, 7.5e-05, 0.0001]",10,RandomFrictionHopper-rambo,"[256, 256]",5,False,True,0.01,,5,2000,5,False,[13],256,256,50,0.0001,,,True,0.5,50000.0,250,7,0.005,1000,,medium,99,RandomFrictionHopper,True,0.001,256,7,0.001,,True,5,10,0.2,5,0.001,0.0003,7,"[0, 0.001, 0.0003]","[1, 5]","[0.001, 0.0003]",rambo,/home/ubuntu/yi/offlinerl/OfflineRL/offlinerl_tmp/.aim/dynamics_model/d806354bcd01401684a1b3cb/dynamics_model.pt,RandomFrictionHopper-rambo,7,RandomFrictionHopper,RandomFrictionHopper-rambo,rambo,RandomFrictionHopper,/home/ubuntu/yi/offlinerl/OfflineRL/offlinerl_tmp/.aim/dynamics_model/d806354bcd01401684a1b3cb/dynamics_model.pt,7,discrete,"[0, 0.0003]",discrete,"[1, 2, 5]",discrete,"[0.05, 0.1, 0.2]"
f56dc_00006,-1.0963065862425205,0.06183301997140694,7.0,0.0,-1451447287808.0,4.503210966722654e+22,6.298328214153987e+22,-5682.9130859375,1.0,-88.10543534469605,-88.10543534469605,0.19585242336988448,-4.6333298087120056e-10,57.76371751022339,/home/ubuntu/yi/offlinerl/OfflineRL/offlinerl_tmp/.aim/models/13ce12fa0cfc45db84987d3f/policy.pt,1715194871,,True,1,2024-05-09_03-01-11,48420.63338637352,48420.63338637352,1733950,common-ts1resyc,10.244.12.190,48420.63338637352,1,"6_adv_weight=0,horizon=1,seed=42,transition_adv_lr=0.0010",,[3],0.0001,256,5,1000,0.0,rambo,0.0001,0.2,0.0003,cuda,0.99,"[200, 200, 200, 200]",/home/ubuntu/yi/offlinerl/OfflineRL/offlinerl_tmp/.aim/dynamics_model/d806354bcd01401684a1b3cb/dynamics_model.pt,,1000,"[2.5e-05, 5e-05, 7.5e-05, 7.5e-05, 0.0001]",10,RandomFrictionHopper-rambo,"[256, 256]",1,False,True,0.01,,5,2000,5,False,[13],256,256,50,0.0001,,,True,0.5,50000.0,250,42,0.005,1000,,medium,99,RandomFrictionHopper,True,0.001,256,7,0.001,,True,5,10,0.2,1,0.001,0.0,42,"[0, 0.001, 0.0003]","[1, 5]","[0.001, 0.0003]",rambo,/home/ubuntu/yi/offlinerl/OfflineRL/offlinerl_tmp/.aim/dynamics_model/d806354bcd01401684a1b3cb/dynamics_model.pt,RandomFrictionHopper-rambo,42,RandomFrictionHopper,RandomFrictionHopper-rambo,rambo,RandomFrictionHopper,/home/ubuntu/yi/offlinerl/OfflineRL/offlinerl_tmp/.aim/dynamics_model/d806354bcd01401684a1b3cb/dynamics_model.pt,42,discrete,"[0, 0.0003]",discrete,"[1, 2, 5]",discrete,"[0.05, 0.1, 0.2]"
f56dc_00007,-1.0925837729180932,0.06104166614773584,7.0,0.0,21912.9609375,11630836736.0,11300918272.0,-5670.50537109375,1.0,-26.010061068534853,-26.0135437002182,3.4826203967481852,4.563480615615845e-11,15.267158702999353,/home/ubuntu/yi/offlinerl/OfflineRL/offlinerl_tmp/.aim/models/cb1708e46fdf45e29d678de5/policy.pt,1715196375,,True,1,2024-05-09_03-26-15,49289.980252981186,49289.980252981186,1734404,common-ts1resyc,10.244.12.190,49289.980252981186,1,"7_adv_weight=0.0010,horizon=1,seed=42,transition_adv_lr=0.0010",,[3],0.0001,256,5,1000,0.001,rambo,0.0001,0.2,0.0003,cuda,0.99,"[200, 200, 200, 200]",/home/ubuntu/yi/offlinerl/OfflineRL/offlinerl_tmp/.aim/dynamics_model/d806354bcd01401684a1b3cb/dynamics_model.pt,,1000,"[2.5e-05, 5e-05, 7.5e-05, 7.5e-05, 0.0001]",10,RandomFrictionHopper-rambo,"[256, 256]",1,False,True,0.01,,5,2000,5,False,[13],256,256,50,0.0001,,,True,0.5,50000.0,250,42,0.005,1000,,medium,99,RandomFrictionHopper,True,0.001,256,7,0.001,,True,5,10,0.2,1,0.001,0.001,42,"[0, 0.001, 0.0003]","[1, 5]","[0.001, 0.0003]",rambo,/home/ubuntu/yi/offlinerl/OfflineRL/offlinerl_tmp/.aim/dynamics_model/d806354bcd01401684a1b3cb/dynamics_model.pt,RandomFrictionHopper-rambo,42,RandomFrictionHopper,RandomFrictionHopper-rambo,rambo,RandomFrictionHopper,/home/ubuntu/yi/offlinerl/OfflineRL/offlinerl_tmp/.aim/dynamics_model/d806354bcd01401684a1b3cb/dynamics_model.pt,42,discrete,"[0, 0.0003]",discrete,"[1, 2, 5]",discrete,"[0.05, 0.1, 0.2]"
f56dc_00008,-4.230353258655496,0.10465118088524708,6.0,0.0,343518.625,338364989440.0,317953769472.0,-5675.85302734375,1.0,-40.5303553276062,-40.53030785560608,-0.1582733540683985,9.825453162193298e-11,19.12786493396759,/home/ubuntu/yi/offlinerl/OfflineRL/offlinerl_tmp/.aim/models/efc4bc099d4447928b24e7e4/policy.pt,1715196593,,True,1,2024-05-09_03-29-53,49307.19740867615,49307.19740867615,1734896,common-ts1resyc,10.244.12.190,49307.19740867615,1,"8_adv_weight=0.0003,horizon=1,seed=42,transition_adv_lr=0.0010",,[3],0.0001,256,5,1000,0.0003,rambo,0.0001,0.2,0.0003,cuda,0.99,"[200, 200, 200, 200]",/home/ubuntu/yi/offlinerl/OfflineRL/offlinerl_tmp/.aim/dynamics_model/d806354bcd01401684a1b3cb/dynamics_model.pt,,1000,"[2.5e-05, 5e-05, 7.5e-05, 7.5e-05, 0.0001]",10,RandomFrictionHopper-rambo,"[256, 256]",1,False,True,0.01,,5,2000,5,False,[13],256,256,50,0.0001,,,True,0.5,50000.0,250,42,0.005,1000,,medium,99,RandomFrictionHopper,True,0.001,256,7,0.001,,True,5,10,0.2,1,0.001,0.0003,42,"[0, 0.001, 0.0003]","[1, 5]","[0.001, 0.0003]",rambo,/home/ubuntu/yi/offlinerl/OfflineRL/offlinerl_tmp/.aim/dynamics_model/d806354bcd01401684a1b3cb/dynamics_model.pt,RandomFrictionHopper-rambo,42,RandomFrictionHopper,RandomFrictionHopper-rambo,rambo,RandomFrictionHopper,/home/ubuntu/yi/offlinerl/OfflineRL/offlinerl_tmp/.aim/dynamics_model/d806354bcd01401684a1b3cb/dynamics_model.pt,42,discrete,"[0, 0.0003]",discrete,"[1, 2, 5]",discrete,"[0.05, 0.1, 0.2]"
f56dc_00009,165.32018206703418,5.8767745235646185,111.353,1.5357053753894332,-70.07064819335938,10.497907638549805,11.482185363769531,0.5520305633544922,0.033166129142045975,-62.476968267917634,-62.476968267917634,0.43669211366772653,2.7264468371868134e-10,78.31198886871339,/home/ubuntu/yi/offlinerl/OfflineRL/offlinerl_tmp/.aim/models/483a6527e68d4bca8f16b127/policy.pt,1715202702,,True,1,2024-05-09_05-11-42,52797.15058708191,52797.15058708191,1736197,common-ts1resyc,10.244.12.190,52797.15058708191,1,"9_adv_weight=0,horizon=5,seed=42,transition_adv_lr=0.0010",,[3],0.0001,256,5,1000,0.0,rambo,0.0001,0.2,0.0003,cuda,0.99,"[200, 200, 200, 200]",/home/ubuntu/yi/offlinerl/OfflineRL/offlinerl_tmp/.aim/dynamics_model/d806354bcd01401684a1b3cb/dynamics_model.pt,,1000,"[2.5e-05, 5e-05, 7.5e-05, 7.5e-05, 0.0001]",10,RandomFrictionHopper-rambo,"[256, 256]",5,False,True,0.01,,5,2000,5,False,[13],256,256,50,0.0001,,,True,0.5,50000.0,250,42,0.005,1000,,medium,99,RandomFrictionHopper,True,0.001,256,7,0.001,,True,5,10,0.2,5,0.001,0.0,42,"[0, 0.001, 0.0003]","[1, 5]","[0.001, 0.0003]",rambo,/home/ubuntu/yi/offlinerl/OfflineRL/offlinerl_tmp/.aim/dynamics_model/d806354bcd01401684a1b3cb/dynamics_model.pt,RandomFrictionHopper-rambo,42,RandomFrictionHopper,RandomFrictionHopper-rambo,rambo,RandomFrictionHopper,/home/ubuntu/yi/offlinerl/OfflineRL/offlinerl_tmp/.aim/dynamics_model/d806354bcd01401684a1b3cb/dynamics_model.pt,42,discrete,"[0, 0.0003]",discrete,"[1, 2, 5]",discrete,"[0.05, 0.1, 0.2]"
f56dc_00010,2.8141492522631344,0.48169679400860105,14.054,0.22601769842204833,-12.363395690917969,5.229113578796387,5.194930076599121,-0.1029779314994812,0.08525047451257706,-42.01430413341522,-42.014646522760394,0.34238385647535324,5.413312464952469e-10,17.13110852241516,/home/ubuntu/yi/offlinerl/OfflineRL/offlinerl_tmp/.aim/models/6d5393d4b48e4f27890602d6/policy.pt,1715203027,,True,1,2024-05-09_05-17-07,52202.37763214111,52202.37763214111,1736697,common-ts1resyc,10.244.12.190,52202.37763214111,1,"10_adv_weight=0.0010,horizon=5,seed=42,transition_adv_lr=0.0010",,[3],0.0001,256,5,1000,0.001,rambo,0.0001,0.2,0.0003,cuda,0.99,"[200, 200, 200, 200]",/home/ubuntu/yi/offlinerl/OfflineRL/offlinerl_tmp/.aim/dynamics_model/d806354bcd01401684a1b3cb/dynamics_model.pt,,1000,"[2.5e-05, 5e-05, 7.5e-05, 7.5e-05, 0.0001]",10,RandomFrictionHopper-rambo,"[256, 256]",5,False,True,0.01,,5,2000,5,False,[13],256,256,50,0.0001,,,True,0.5,50000.0,250,42,0.005,1000,,medium,99,RandomFrictionHopper,True,0.001,256,7,0.001,,True,5,10,0.2,5,0.001,0.001,42,"[0, 0.001, 0.0003]","[1, 5]","[0.001, 0.0003]",rambo,/home/ubuntu/yi/offlinerl/OfflineRL/offlinerl_tmp/.aim/dynamics_model/d806354bcd01401684a1b3cb/dynamics_model.pt,RandomFrictionHopper-rambo,42,RandomFrictionHopper,RandomFrictionHopper-rambo,rambo,RandomFrictionHopper,/home/ubuntu/yi/offlinerl/OfflineRL/offlinerl_tmp/.aim/dynamics_model/d806354bcd01401684a1b3cb/dynamics_model.pt,42,discrete,"[0, 0.0003]",discrete,"[1, 2, 5]",discrete,"[0.05, 0.1, 0.2]"
f56dc_00011,157.3135994384694,25.11123732869227,113.299,11.923153903225439,-7.1519975662231445,2.755298137664795,2.6109442710876465,-1.1645874977111816,0.10281264036893845,45224.38192409348,45224.382361469034,-1.4608225171267986,1.3050157576799394e-09,16.477064821243285,/home/ubuntu/yi/offlinerl/OfflineRL/offlinerl_tmp/.aim/models/ac2c38c5702046fbb81130f3/policy.pt,1715203225,,True,1,2024-05-09_05-20-25,51955.5104804039,51955.5104804039,1737136,common-ts1resyc,10.244.12.190,51955.5104804039,1,"11_adv_weight=0.0003,horizon=5,seed=42,transition_adv_lr=0.0010",,[3],0.0001,256,5,1000,0.0003,rambo,0.0001,0.2,0.0003,cuda,0.99,"[200, 200, 200, 200]",/home/ubuntu/yi/offlinerl/OfflineRL/offlinerl_tmp/.aim/dynamics_model/d806354bcd01401684a1b3cb/dynamics_model.pt,,1000,"[2.5e-05, 5e-05, 7.5e-05, 7.5e-05, 0.0001]",10,RandomFrictionHopper-rambo,"[256, 256]",5,False,True,0.01,,5,2000,5,False,[13],256,256,50,0.0001,,,True,0.5,50000.0,250,42,0.005,1000,,medium,99,RandomFrictionHopper,True,0.001,256,7,0.001,,True,5,10,0.2,5,0.001,0.0003,42,"[0, 0.001, 0.0003]","[1, 5]","[0.001, 0.0003]",rambo,/home/ubuntu/yi/offlinerl/OfflineRL/offlinerl_tmp/.aim/dynamics_model/d806354bcd01401684a1b3cb/dynamics_model.pt,RandomFrictionHopper-rambo,42,RandomFrictionHopper,RandomFrictionHopper-rambo,rambo,RandomFrictionHopper,/home/ubuntu/yi/offlinerl/OfflineRL/offlinerl_tmp/.aim/dynamics_model/d806354bcd01401684a1b3cb/dynamics_model.pt,42,discrete,"[0, 0.0003]",discrete,"[1, 2, 5]",discrete,"[0.05, 0.1, 0.2]"
f56dc_00012,-2.838510643573648,0.017765530941022907,6.0,0.0,-284170223616.0,1.1781449698510981e+21,9.223214410867818e+20,-5659.7412109375,1.0,-81.5214688577652,-81.5214688577652,-0.14688842710852623,1.0989606380462646e-10,58.10014754486084,/home/ubuntu/yi/offlinerl/OfflineRL/offlinerl_tmp/.aim/models/0633776cf3104e30bfd8827f/policy.pt,1715238676,,True,1,2024-05-09_15-11-16,43801.09997701645,43801.09997701645,1754868,common-ts1resyc,10.244.12.190,43801.09997701645,1,"12_adv_weight=0,horizon=1,seed=210,transition_adv_lr=0.0010",,[3],0.0001,256,5,1000,0.0,rambo,0.0001,0.2,0.0003,cuda,0.99,"[200, 200, 200, 200]",/home/ubuntu/yi/offlinerl/OfflineRL/offlinerl_tmp/.aim/dynamics_model/d806354bcd01401684a1b3cb/dynamics_model.pt,,1000,"[2.5e-05, 5e-05, 7.5e-05, 7.5e-05, 0.0001]",10,RandomFrictionHopper-rambo,"[256, 256]",1,False,True,0.01,,5,2000,5,False,[13],256,256,50,0.0001,,,True,0.5,50000.0,250,210,0.005,1000,,medium,99,RandomFrictionHopper,True,0.001,256,7,0.001,,True,5,10,0.2,1,0.001,0.0,210,"[0, 0.001, 0.0003]","[1, 5]","[0.001, 0.0003]",rambo,/home/ubuntu/yi/offlinerl/OfflineRL/offlinerl_tmp/.aim/dynamics_model/d806354bcd01401684a1b3cb/dynamics_model.pt,RandomFrictionHopper-rambo,210,RandomFrictionHopper,RandomFrictionHopper-rambo,rambo,RandomFrictionHopper,/home/ubuntu/yi/offlinerl/OfflineRL/offlinerl_tmp/.aim/dynamics_model/d806354bcd01401684a1b3cb/dynamics_model.pt,210,discrete,"[0, 0.0003]",discrete,"[1, 2, 5]",discrete,"[0.05, 0.1, 0.2]"
f56dc_00013,17.182687450130963,1.272459057628269,23.311,3.6108557157549233,1528724.125,33070010368.0,32297306112.0,-5664.029296875,1.0,20937.995981544016,20937.996561777592,-0.5815475403368473,1.9976869225502014e-10,20.221961055755614,/home/ubuntu/yi/offlinerl/OfflineRL/offlinerl_tmp/.aim/models/2bb52343ad124f9a91f52af7/policy.pt,1715241179,,True,1,2024-05-09_15-52-59,44800.24729847908,44800.24729847908,1755781,common-ts1resyc,10.244.12.190,44800.24729847908,1,"13_adv_weight=0.0010,horizon=1,seed=210,transition_adv_lr=0.0010",,[3],0.0001,256,5,1000,0.001,rambo,0.0001,0.2,0.0003,cuda,0.99,"[200, 200, 200, 200]",/home/ubuntu/yi/offlinerl/OfflineRL/offlinerl_tmp/.aim/dynamics_model/d806354bcd01401684a1b3cb/dynamics_model.pt,,1000,"[2.5e-05, 5e-05, 7.5e-05, 7.5e-05, 0.0001]",10,RandomFrictionHopper-rambo,"[256, 256]",1,False,True,0.01,,5,2000,5,False,[13],256,256,50,0.0001,,,True,0.5,50000.0,250,210,0.005,1000,,medium,99,RandomFrictionHopper,True,0.001,256,7,0.001,,True,5,10,0.2,1,0.001,0.001,210,"[0, 0.001, 0.0003]","[1, 5]","[0.001, 0.0003]",rambo,/home/ubuntu/yi/offlinerl/OfflineRL/offlinerl_tmp/.aim/dynamics_model/d806354bcd01401684a1b3cb/dynamics_model.pt,RandomFrictionHopper-rambo,210,RandomFrictionHopper,RandomFrictionHopper-rambo,rambo,RandomFrictionHopper,/home/ubuntu/yi/offlinerl/OfflineRL/offlinerl_tmp/.aim/dynamics_model/d806354bcd01401684a1b3cb/dynamics_model.pt,210,discrete,"[0, 0.0003]",discrete,"[1, 2, 5]",discrete,"[0.05, 0.1, 0.2]"
f56dc_00014,-1.0959545689890433,0.061380710563511125,7.0,0.0,3351132.25,6213738168320.0,6947903897600.0,-5577.888671875,1.0,-48.44788733196258,-48.447867563247684,-0.06564855744689703,1.0640360414981842e-10,17.94451875782013,/home/ubuntu/yi/offlinerl/OfflineRL/offlinerl_tmp/.aim/models/1e84b775cabc4b86a9e3d7c6/policy.pt,1715241615,,True,1,2024-05-09_16-00-15,45017.976722717285,45017.976722717285,1756176,common-ts1resyc,10.244.12.190,45017.976722717285,1,"14_adv_weight=0.0003,horizon=1,seed=210,transition_adv_lr=0.0010",,[3],0.0001,256,5,1000,0.0003,rambo,0.0001,0.2,0.0003,cuda,0.99,"[200, 200, 200, 200]",/home/ubuntu/yi/offlinerl/OfflineRL/offlinerl_tmp/.aim/dynamics_model/d806354bcd01401684a1b3cb/dynamics_model.pt,,1000,"[2.5e-05, 5e-05, 7.5e-05, 7.5e-05, 0.0001]",10,RandomFrictionHopper-rambo,"[256, 256]",1,False,True,0.01,,5,2000,5,False,[13],256,256,50,0.0001,,,True,0.5,50000.0,250,210,0.005,1000,,medium,99,RandomFrictionHopper,True,0.001,256,7,0.001,,True,5,10,0.2,1,0.001,0.0003,210,"[0, 0.001, 0.0003]","[1, 5]","[0.001, 0.0003]",rambo,/home/ubuntu/yi/offlinerl/OfflineRL/offlinerl_tmp/.aim/dynamics_model/d806354bcd01401684a1b3cb/dynamics_model.pt,RandomFrictionHopper-rambo,210,RandomFrictionHopper,RandomFrictionHopper-rambo,rambo,RandomFrictionHopper,/home/ubuntu/yi/offlinerl/OfflineRL/offlinerl_tmp/.aim/dynamics_model/d806354bcd01401684a1b3cb/dynamics_model.pt,210,discrete,"[0, 0.0003]",discrete,"[1, 2, 5]",discrete,"[0.05, 0.1, 0.2]"
f56dc_00015,179.765364365977,3.3002175229482544,115.44,1.4718695594379276,-77.45988464355469,0.4102383255958557,0.4656836986541748,0.4691598117351532,0.019030172377824783,-90.83469168090821,-90.83469168090821,2.20447968351841,2.307351678609848e-10,69.36725401306153,/home/ubuntu/yi/offlinerl/OfflineRL/offlinerl_tmp/.aim/models/39ca0776abdc4b75b310da1c/policy.pt,1715251640,,True,1,2024-05-09_18-47-20,48934.27356123924,48934.27356123924,1758897,common-ts1resyc,10.244.12.190,48934.27356123924,1,"15_adv_weight=0,horizon=5,seed=210,transition_adv_lr=0.0010",,[3],0.0001,256,5,1000,0.0,rambo,0.0001,0.2,0.0003,cuda,0.99,"[200, 200, 200, 200]",/home/ubuntu/yi/offlinerl/OfflineRL/offlinerl_tmp/.aim/dynamics_model/d806354bcd01401684a1b3cb/dynamics_model.pt,,1000,"[2.5e-05, 5e-05, 7.5e-05, 7.5e-05, 0.0001]",10,RandomFrictionHopper-rambo,"[256, 256]",5,False,True,0.01,,5,2000,5,False,[13],256,256,50,0.0001,,,True,0.5,50000.0,250,210,0.005,1000,,medium,99,RandomFrictionHopper,True,0.001,256,7,0.001,,True,5,10,0.2,5,0.001,0.0,210,"[0, 0.001, 0.0003]","[1, 5]","[0.001, 0.0003]",rambo,/home/ubuntu/yi/offlinerl/OfflineRL/offlinerl_tmp/.aim/dynamics_model/d806354bcd01401684a1b3cb/dynamics_model.pt,RandomFrictionHopper-rambo,210,RandomFrictionHopper,RandomFrictionHopper-rambo,rambo,RandomFrictionHopper,/home/ubuntu/yi/offlinerl/OfflineRL/offlinerl_tmp/.aim/dynamics_model/d806354bcd01401684a1b3cb/dynamics_model.pt,210,discrete,"[0, 0.0003]",discrete,"[1, 2, 5]",discrete,"[0.05, 0.1, 0.2]"
f56dc_00016,163.3082559347991,2.194324218447575,113.274,2.069522650274696,-7.5799431800842285,4.679710388183594,4.473703861236572,0.6175222396850586,0.12042362987995148,185.27084666442872,185.2719824523926,-1.135532032907009,-9.271316230297089e-10,18.92956833934784,/home/ubuntu/yi/offlinerl/OfflineRL/offlinerl_tmp/.aim/models/344903d1729844759a0e079d/policy.pt,1715251084,,True,1,2024-05-09_18-38-04,48053.13924455643,48053.13924455643,1759303,common-ts1resyc,10.244.12.190,48053.13924455643,1,"16_adv_weight=0.0010,horizon=5,seed=210,transition_adv_lr=0.0010",,[3],0.0001,256,5,1000,0.001,rambo,0.0001,0.2,0.0003,cuda,0.99,"[200, 200, 200, 200]",/home/ubuntu/yi/offlinerl/OfflineRL/offlinerl_tmp/.aim/dynamics_model/d806354bcd01401684a1b3cb/dynamics_model.pt,,1000,"[2.5e-05, 5e-05, 7.5e-05, 7.5e-05, 0.0001]",10,RandomFrictionHopper-rambo,"[256, 256]",5,False,True,0.01,,5,2000,5,False,[13],256,256,50,0.0001,,,True,0.5,50000.0,250,210,0.005,1000,,medium,99,RandomFrictionHopper,True,0.001,256,7,0.001,,True,5,10,0.2,5,0.001,0.001,210,"[0, 0.001, 0.0003]","[1, 5]","[0.001, 0.0003]",rambo,/home/ubuntu/yi/offlinerl/OfflineRL/offlinerl_tmp/.aim/dynamics_model/d806354bcd01401684a1b3cb/dynamics_model.pt,RandomFrictionHopper-rambo,210,RandomFrictionHopper,RandomFrictionHopper-rambo,rambo,RandomFrictionHopper,/home/ubuntu/yi/offlinerl/OfflineRL/offlinerl_tmp/.aim/dynamics_model/d806354bcd01401684a1b3cb/dynamics_model.pt,210,discrete,"[0, 0.0003]",discrete,"[1, 2, 5]",discrete,"[0.05, 0.1, 0.2]"
f56dc_00017,158.70983214050915,9.721556328376163,113.666,3.734761572041782,-12.672586441040039,2.8075129985809326,2.904163360595703,-0.7367097735404968,0.08338524401187897,103.68111947011947,103.68124443638325,-0.4234146281927824,-5.667097866535187e-10,20.789812507629396,/home/ubuntu/yi/offlinerl/OfflineRL/offlinerl_tmp/.aim/models/4192c1a71c764a14a998f5f4/policy.pt,1715251034,,True,1,2024-05-09_18-37-14,47804.188923835754,47804.188923835754,1759794,common-ts1resyc,10.244.12.190,47804.188923835754,1,"17_adv_weight=0.0003,horizon=5,seed=210,transition_adv_lr=0.0010",,[3],0.0001,256,5,1000,0.0003,rambo,0.0001,0.2,0.0003,cuda,0.99,"[200, 200, 200, 200]",/home/ubuntu/yi/offlinerl/OfflineRL/offlinerl_tmp/.aim/dynamics_model/d806354bcd01401684a1b3cb/dynamics_model.pt,,1000,"[2.5e-05, 5e-05, 7.5e-05, 7.5e-05, 0.0001]",10,RandomFrictionHopper-rambo,"[256, 256]",5,False,True,0.01,,5,2000,5,False,[13],256,256,50,0.0001,,,True,0.5,50000.0,250,210,0.005,1000,,medium,99,RandomFrictionHopper,True,0.001,256,7,0.001,,True,5,10,0.2,5,0.001,0.0003,210,"[0, 0.001, 0.0003]","[1, 5]","[0.001, 0.0003]",rambo,/home/ubuntu/yi/offlinerl/OfflineRL/offlinerl_tmp/.aim/dynamics_model/d806354bcd01401684a1b3cb/dynamics_model.pt,RandomFrictionHopper-rambo,210,RandomFrictionHopper,RandomFrictionHopper-rambo,rambo,RandomFrictionHopper,/home/ubuntu/yi/offlinerl/OfflineRL/offlinerl_tmp/.aim/dynamics_model/d806354bcd01401684a1b3cb/dynamics_model.pt,210,discrete,"[0, 0.0003]",discrete,"[1, 2, 5]",discrete,"[0.05, 0.1, 0.2]"
f56dc_00018,-4.54984518966218,0.13543261746824276,10.004,0.063118935352238,-1046288.9375,115492913152.0,97000251392.0,-5508.76806640625,1.0,-106.01665040612221,-106.01665040612221,0.26858724334836004,2.7124769985675813e-10,71.70084685516358,/home/ubuntu/yi/offlinerl/OfflineRL/offlinerl_tmp/.aim/models/6980fd96b80b402bbe2e16f7/policy.pt,1715282072,,True,1,2024-05-10_03-14-32,43391.06445360184,43391.06445360184,1775136,common-ts1resyc,10.244.12.190,43391.06445360184,1,"18_adv_weight=0,horizon=1,seed=7,transition_adv_lr=0.0003",,[3],0.0001,256,5,1000,0.0,rambo,0.0001,0.2,0.0003,cuda,0.99,"[200, 200, 200, 200]",/home/ubuntu/yi/offlinerl/OfflineRL/offlinerl_tmp/.aim/dynamics_model/d806354bcd01401684a1b3cb/dynamics_model.pt,,1000,"[2.5e-05, 5e-05, 7.5e-05, 7.5e-05, 0.0001]",10,RandomFrictionHopper-rambo,"[256, 256]",1,False,True,0.01,,5,2000,5,False,[13],256,256,50,0.0001,,,True,0.5,50000.0,250,7,0.005,1000,,medium,99,RandomFrictionHopper,True,0.0003,256,7,0.001,,True,5,10,0.2,1,0.0003,0.0,7,"[0, 0.001, 0.0003]","[1, 5]","[0.001, 0.0003]",rambo,/home/ubuntu/yi/offlinerl/OfflineRL/offlinerl_tmp/.aim/dynamics_model/d806354bcd01401684a1b3cb/dynamics_model.pt,RandomFrictionHopper-rambo,7,RandomFrictionHopper,RandomFrictionHopper-rambo,rambo,RandomFrictionHopper,/home/ubuntu/yi/offlinerl/OfflineRL/offlinerl_tmp/.aim/dynamics_model/d806354bcd01401684a1b3cb/dynamics_model.pt,7,discrete,"[0, 0.0003]",discrete,"[1, 2, 5]",discrete,"[0.05, 0.1, 0.2]"
f56dc_00019,-2.83889154378461,0.018001277673051142,6.0,0.0,4769900920832.0,1.4319204382711717e+24,1.4520645710300387e+24,-5660.27001953125,1.0,-99.2210797482729,-99.2205882192254,-0.4914426848590374,-6.05359673500061e-11,58.53024309158325,/home/ubuntu/yi/offlinerl/OfflineRL/offlinerl_tmp/.aim/models/7801f7e7ea824f1c91b478b7/policy.pt,1715285677,,True,1,2024-05-10_04-14-37,44492.83924102783,44492.83924102783,1776516,common-ts1resyc,10.244.12.190,44492.83924102783,1,"19_adv_weight=0.0010,horizon=1,seed=7,transition_adv_lr=0.0003",,[3],0.0001,256,5,1000,0.001,rambo,0.0001,0.2,0.0003,cuda,0.99,"[200, 200, 200, 200]",/home/ubuntu/yi/offlinerl/OfflineRL/offlinerl_tmp/.aim/dynamics_model/d806354bcd01401684a1b3cb/dynamics_model.pt,,1000,"[2.5e-05, 5e-05, 7.5e-05, 7.5e-05, 0.0001]",10,RandomFrictionHopper-rambo,"[256, 256]",1,False,True,0.01,,5,2000,5,False,[13],256,256,50,0.0001,,,True,0.5,50000.0,250,7,0.005,1000,,medium,99,RandomFrictionHopper,True,0.0003,256,7,0.001,,True,5,10,0.2,1,0.0003,0.001,7,"[0, 0.001, 0.0003]","[1, 5]","[0.001, 0.0003]",rambo,/home/ubuntu/yi/offlinerl/OfflineRL/offlinerl_tmp/.aim/dynamics_model/d806354bcd01401684a1b3cb/dynamics_model.pt,RandomFrictionHopper-rambo,7,RandomFrictionHopper,RandomFrictionHopper-rambo,rambo,RandomFrictionHopper,/home/ubuntu/yi/offlinerl/OfflineRL/offlinerl_tmp/.aim/dynamics_model/d806354bcd01401684a1b3cb/dynamics_model.pt,7,discrete,"[0, 0.0003]",discrete,"[1, 2, 5]",discrete,"[0.05, 0.1, 0.2]"
f56dc_00020,-21.566602907511488,0.5128602667326977,24.124,0.4343086460111058,7817227264.0,3.709520437472903e+21,6.852548418205102e+20,-5664.04296875,1.0,-108.04573342895507,-108.04530226898193,-1.4373130917698145,-6.014015525579453e-10,60.56701308059692,/home/ubuntu/yi/offlinerl/OfflineRL/offlinerl_tmp/.aim/models/ec801756a70e4c9ea27dbd3a/policy.pt,1715285988,,True,1,2024-05-10_04-19-48,44368.425411462784,44368.425411462784,1777152,common-ts1resyc,10.244.12.190,44368.425411462784,1,"20_adv_weight=0.0003,horizon=1,seed=7,transition_adv_lr=0.0003",,[3],0.0001,256,5,1000,0.0003,rambo,0.0001,0.2,0.0003,cuda,0.99,"[200, 200, 200, 200]",/home/ubuntu/yi/offlinerl/OfflineRL/offlinerl_tmp/.aim/dynamics_model/d806354bcd01401684a1b3cb/dynamics_model.pt,,1000,"[2.5e-05, 5e-05, 7.5e-05, 7.5e-05, 0.0001]",10,RandomFrictionHopper-rambo,"[256, 256]",1,False,True,0.01,,5,2000,5,False,[13],256,256,50,0.0001,,,True,0.5,50000.0,250,7,0.005,1000,,medium,99,RandomFrictionHopper,True,0.0003,256,7,0.001,,True,5,10,0.2,1,0.0003,0.0003,7,"[0, 0.001, 0.0003]","[1, 5]","[0.001, 0.0003]",rambo,/home/ubuntu/yi/offlinerl/OfflineRL/offlinerl_tmp/.aim/dynamics_model/d806354bcd01401684a1b3cb/dynamics_model.pt,RandomFrictionHopper-rambo,7,RandomFrictionHopper,RandomFrictionHopper-rambo,rambo,RandomFrictionHopper,/home/ubuntu/yi/offlinerl/OfflineRL/offlinerl_tmp/.aim/dynamics_model/d806354bcd01401684a1b3cb/dynamics_model.pt,7,discrete,"[0, 0.0003]",discrete,"[1, 2, 5]",discrete,"[0.05, 0.1, 0.2]"
f56dc_00021,103.05466591200634,65.39199303944122,76.029,34.636543693041894,-77.26493072509766,0.39947447180747986,0.563942015171051,-0.25213563442230225,0.02235330268740654,-108.45686499503255,-108.45686499503255,1.0390194605588914,-1.548323780298233e-10,89.23973303222657,/home/ubuntu/yi/offlinerl/OfflineRL/offlinerl_tmp/.aim/models/390f1bfa85694fa2bdfed167/policy.pt,1715299418,,True,1,2024-05-10_08-03-38,48379.56754946709,48379.56754946709,1781223,common-ts1resyc,10.244.12.190,48379.56754946709,1,"21_adv_weight=0,horizon=5,seed=7,transition_adv_lr=0.0003",,[3],0.0001,256,5,1000,0.0,rambo,0.0001,0.2,0.0003,cuda,0.99,"[200, 200, 200, 200]",/home/ubuntu/yi/offlinerl/OfflineRL/offlinerl_tmp/.aim/dynamics_model/d806354bcd01401684a1b3cb/dynamics_model.pt,,1000,"[2.5e-05, 5e-05, 7.5e-05, 7.5e-05, 0.0001]",10,RandomFrictionHopper-rambo,"[256, 256]",5,False,True,0.01,,5,2000,5,False,[13],256,256,50,0.0001,,,True,0.5,50000.0,250,7,0.005,1000,,medium,99,RandomFrictionHopper,True,0.0003,256,7,0.001,,True,5,10,0.2,5,0.0003,0.0,7,"[0, 0.001, 0.0003]","[1, 5]","[0.001, 0.0003]",rambo,/home/ubuntu/yi/offlinerl/OfflineRL/offlinerl_tmp/.aim/dynamics_model/d806354bcd01401684a1b3cb/dynamics_model.pt,RandomFrictionHopper-rambo,7,RandomFrictionHopper,RandomFrictionHopper-rambo,rambo,RandomFrictionHopper,/home/ubuntu/yi/offlinerl/OfflineRL/offlinerl_tmp/.aim/dynamics_model/d806354bcd01401684a1b3cb/dynamics_model.pt,7,discrete,"[0, 0.0003]",discrete,"[1, 2, 5]",discrete,"[0.05, 0.1, 0.2]"
f56dc_00022,171.71648450188553,3.508996190609902,112.609,2.0228986628103742,-64.34362030029297,0.7864447832107544,1.1329923868179321,0.2631228268146515,0.03454244136810303,-102.90013000488281,-102.9016371383667,1.5071391274929047,2.966262400150299e-10,85.4710831451416,/home/ubuntu/yi/offlinerl/OfflineRL/offlinerl_tmp/.aim/models/c3bb97256df3452d86e565ee/policy.pt,1715300262,,True,1,2024-05-10_08-17-42,49174.61568021774,49174.61568021774,1781585,common-ts1resyc,10.244.12.190,49174.61568021774,1,"22_adv_weight=0.0010,horizon=5,seed=7,transition_adv_lr=0.0003",,[3],0.0001,256,5,1000,0.001,rambo,0.0001,0.2,0.0003,cuda,0.99,"[200, 200, 200, 200]",/home/ubuntu/yi/offlinerl/OfflineRL/offlinerl_tmp/.aim/dynamics_model/d806354bcd01401684a1b3cb/dynamics_model.pt,,1000,"[2.5e-05, 5e-05, 7.5e-05, 7.5e-05, 0.0001]",10,RandomFrictionHopper-rambo,"[256, 256]",5,False,True,0.01,,5,2000,5,False,[13],256,256,50,0.0001,,,True,0.5,50000.0,250,7,0.005,1000,,medium,99,RandomFrictionHopper,True,0.0003,256,7,0.001,,True,5,10,0.2,5,0.0003,0.001,7,"[0, 0.001, 0.0003]","[1, 5]","[0.001, 0.0003]",rambo,/home/ubuntu/yi/offlinerl/OfflineRL/offlinerl_tmp/.aim/dynamics_model/d806354bcd01401684a1b3cb/dynamics_model.pt,RandomFrictionHopper-rambo,7,RandomFrictionHopper,RandomFrictionHopper-rambo,rambo,RandomFrictionHopper,/home/ubuntu/yi/offlinerl/OfflineRL/offlinerl_tmp/.aim/dynamics_model/d806354bcd01401684a1b3cb/dynamics_model.pt,7,discrete,"[0, 0.0003]",discrete,"[1, 2, 5]",discrete,"[0.05, 0.1, 0.2]"
f56dc_00023,171.57588252951885,16.187361769467408,111.914,8.317367612411994,-71.88196563720703,0.17678746581077576,0.18579548597335815,0.5174342393875122,0.019492819905281067,-103.49241865038871,-103.49270238089561,0.9461570349335671,-5.287583917379379e-10,90.4059800567627,/home/ubuntu/yi/offlinerl/OfflineRL/offlinerl_tmp/.aim/models/fa398e6f78184cd5a7a52866/policy.pt,1715299984,,True,1,2024-05-10_08-13-04,48339.31684732437,48339.31684732437,1782031,common-ts1resyc,10.244.12.190,48339.31684732437,1,"23_adv_weight=0.0003,horizon=5,seed=7,transition_adv_lr=0.0003",,[3],0.0001,256,5,1000,0.0003,rambo,0.0001,0.2,0.0003,cuda,0.99,"[200, 200, 200, 200]",/home/ubuntu/yi/offlinerl/OfflineRL/offlinerl_tmp/.aim/dynamics_model/d806354bcd01401684a1b3cb/dynamics_model.pt,,1000,"[2.5e-05, 5e-05, 7.5e-05, 7.5e-05, 0.0001]",10,RandomFrictionHopper-rambo,"[256, 256]",5,False,True,0.01,,5,2000,5,False,[13],256,256,50,0.0001,,,True,0.5,50000.0,250,7,0.005,1000,,medium,99,RandomFrictionHopper,True,0.0003,256,7,0.001,,True,5,10,0.2,5,0.0003,0.0003,7,"[0, 0.001, 0.0003]","[1, 5]","[0.001, 0.0003]",rambo,/home/ubuntu/yi/offlinerl/OfflineRL/offlinerl_tmp/.aim/dynamics_model/d806354bcd01401684a1b3cb/dynamics_model.pt,RandomFrictionHopper-rambo,7,RandomFrictionHopper,RandomFrictionHopper-rambo,rambo,RandomFrictionHopper,/home/ubuntu/yi/offlinerl/OfflineRL/offlinerl_tmp/.aim/dynamics_model/d806354bcd01401684a1b3cb/dynamics_model.pt,7,discrete,"[0, 0.0003]",discrete,"[1, 2, 5]",discrete,"[0.05, 0.1, 0.2]"
f56dc_00024,-1.0947790345346728,0.06034152987634217,7.0,0.0,-421420662784.0,3.6185392807507174e+21,3.2704349549279985e+21,-5669.07421875,1.0,-110.32191354370117,-110.32191354370117,0.9129183324873448,-7.436610758304596e-10,70.41068378448486,/home/ubuntu/yi/offlinerl/OfflineRL/offlinerl_tmp/.aim/models/a299fc0c42f644f5a4ab91d0/policy.pt,1715325114,,True,1,2024-05-10_15-11-54,43038.48724722862,43038.48724722862,1794985,common-ts1resyc,10.244.12.190,43038.48724722862,1,"24_adv_weight=0,horizon=1,seed=42,transition_adv_lr=0.0003",,[3],0.0001,256,5,1000,0.0,rambo,0.0001,0.2,0.0003,cuda,0.99,"[200, 200, 200, 200]",/home/ubuntu/yi/offlinerl/OfflineRL/offlinerl_tmp/.aim/dynamics_model/d806354bcd01401684a1b3cb/dynamics_model.pt,,1000,"[2.5e-05, 5e-05, 7.5e-05, 7.5e-05, 0.0001]",10,RandomFrictionHopper-rambo,"[256, 256]",1,False,True,0.01,,5,2000,5,False,[13],256,256,50,0.0001,,,True,0.5,50000.0,250,42,0.005,1000,,medium,99,RandomFrictionHopper,True,0.0003,256,7,0.001,,True,5,10,0.2,1,0.0003,0.0,42,"[0, 0.001, 0.0003]","[1, 5]","[0.001, 0.0003]",rambo,/home/ubuntu/yi/offlinerl/OfflineRL/offlinerl_tmp/.aim/dynamics_model/d806354bcd01401684a1b3cb/dynamics_model.pt,RandomFrictionHopper-rambo,42,RandomFrictionHopper,RandomFrictionHopper-rambo,rambo,RandomFrictionHopper,/home/ubuntu/yi/offlinerl/OfflineRL/offlinerl_tmp/.aim/dynamics_model/d806354bcd01401684a1b3cb/dynamics_model.pt,42,discrete,"[0, 0.0003]",discrete,"[1, 2, 5]",discrete,"[0.05, 0.1, 0.2]"
f56dc_00025,-1.0957259644461146,0.061645369890209016,7.0,0.0,-1338655744.0,6.925364611357082e+16,6.470838530342912e+16,-5569.7470703125,1.0,-91.31276390838623,-91.31235129547119,-0.41259933771193025,1.6344711184501647e-10,49.312081298828126,/home/ubuntu/yi/offlinerl/OfflineRL/offlinerl_tmp/.aim/models/2a2a32a212894aecbd0f07fa/policy.pt,1715329822,,True,1,2024-05-10_16-30-22,44141.091965675354,44141.091965675354,1796877,common-ts1resyc,10.244.12.190,44141.091965675354,1,"25_adv_weight=0.0010,horizon=1,seed=42,transition_adv_lr=0.0003",,[3],0.0001,256,5,1000,0.001,rambo,0.0001,0.2,0.0003,cuda,0.99,"[200, 200, 200, 200]",/home/ubuntu/yi/offlinerl/OfflineRL/offlinerl_tmp/.aim/dynamics_model/d806354bcd01401684a1b3cb/dynamics_model.pt,,1000,"[2.5e-05, 5e-05, 7.5e-05, 7.5e-05, 0.0001]",10,RandomFrictionHopper-rambo,"[256, 256]",1,False,True,0.01,,5,2000,5,False,[13],256,256,50,0.0001,,,True,0.5,50000.0,250,42,0.005,1000,,medium,99,RandomFrictionHopper,True,0.0003,256,7,0.001,,True,5,10,0.2,1,0.0003,0.001,42,"[0, 0.001, 0.0003]","[1, 5]","[0.001, 0.0003]",rambo,/home/ubuntu/yi/offlinerl/OfflineRL/offlinerl_tmp/.aim/dynamics_model/d806354bcd01401684a1b3cb/dynamics_model.pt,RandomFrictionHopper-rambo,42,RandomFrictionHopper,RandomFrictionHopper-rambo,rambo,RandomFrictionHopper,/home/ubuntu/yi/offlinerl/OfflineRL/offlinerl_tmp/.aim/dynamics_model/d806354bcd01401684a1b3cb/dynamics_model.pt,42,discrete,"[0, 0.0003]",discrete,"[1, 2, 5]",discrete,"[0.05, 0.1, 0.2]"
f56dc_00026,17.24083918448348,1.2973143211927578,23.463,3.6349182934420963,-10411970.0,3473415864320.0,3097431638016.0,-5681.43994140625,1.0,-97.5344910569191,-97.53430282878875,-0.6276841240972281,-1.0454095900058747e-10,58.26370564651489,/home/ubuntu/yi/offlinerl/OfflineRL/offlinerl_tmp/.aim/models/8ef42e36fa304d5e93362039/policy.pt,1715330061,,True,1,2024-05-10_16-34-21,44068.640745162964,44068.640745162964,1797288,common-ts1resyc,10.244.12.190,44068.640745162964,1,"26_adv_weight=0.0003,horizon=1,seed=42,transition_adv_lr=0.0003",,[3],0.0001,256,5,1000,0.0003,rambo,0.0001,0.2,0.0003,cuda,0.99,"[200, 200, 200, 200]",/home/ubuntu/yi/offlinerl/OfflineRL/offlinerl_tmp/.aim/dynamics_model/d806354bcd01401684a1b3cb/dynamics_model.pt,,1000,"[2.5e-05, 5e-05, 7.5e-05, 7.5e-05, 0.0001]",10,RandomFrictionHopper-rambo,"[256, 256]",1,False,True,0.01,,5,2000,5,False,[13],256,256,50,0.0001,,,True,0.5,50000.0,250,42,0.005,1000,,medium,99,RandomFrictionHopper,True,0.0003,256,7,0.001,,True,5,10,0.2,1,0.0003,0.0003,42,"[0, 0.001, 0.0003]","[1, 5]","[0.001, 0.0003]",rambo,/home/ubuntu/yi/offlinerl/OfflineRL/offlinerl_tmp/.aim/dynamics_model/d806354bcd01401684a1b3cb/dynamics_model.pt,RandomFrictionHopper-rambo,42,RandomFrictionHopper,RandomFrictionHopper-rambo,rambo,RandomFrictionHopper,/home/ubuntu/yi/offlinerl/OfflineRL/offlinerl_tmp/.aim/dynamics_model/d806354bcd01401684a1b3cb/dynamics_model.pt,42,discrete,"[0, 0.0003]",discrete,"[1, 2, 5]",discrete,"[0.05, 0.1, 0.2]"
f56dc_00027,166.08308997818304,3.6992855798632998,106.643,1.5891982255212846,-82.36506652832031,0.28688377141952515,0.28402531147003174,-0.3310725688934326,0.021990781649947166,-108.56504501152038,-108.56504501152038,1.08558929990232,-1.1431984603404999e-10,87.74487696838379,/home/ubuntu/yi/offlinerl/OfflineRL/offlinerl_tmp/.aim/models/c11a6672f0b8480c825cc326/policy.pt,1715347512,,True,1,2024-05-10_21-25-12,48089.6917321682,48089.6917321682,1803390,common-ts1resyc,10.244.12.190,48089.6917321682,1,"27_adv_weight=0,horizon=5,seed=42,transition_adv_lr=0.0003",,[3],0.0001,256,5,1000,0.0,rambo,0.0001,0.2,0.0003,cuda,0.99,"[200, 200, 200, 200]",/home/ubuntu/yi/offlinerl/OfflineRL/offlinerl_tmp/.aim/dynamics_model/d806354bcd01401684a1b3cb/dynamics_model.pt,,1000,"[2.5e-05, 5e-05, 7.5e-05, 7.5e-05, 0.0001]",10,RandomFrictionHopper-rambo,"[256, 256]",5,False,True,0.01,,5,2000,5,False,[13],256,256,50,0.0001,,,True,0.5,50000.0,250,42,0.005,1000,,medium,99,RandomFrictionHopper,True,0.0003,256,7,0.001,,True,5,10,0.2,5,0.0003,0.0,42,"[0, 0.001, 0.0003]","[1, 5]","[0.001, 0.0003]",rambo,/home/ubuntu/yi/offlinerl/OfflineRL/offlinerl_tmp/.aim/dynamics_model/d806354bcd01401684a1b3cb/dynamics_model.pt,RandomFrictionHopper-rambo,42,RandomFrictionHopper,RandomFrictionHopper-rambo,rambo,RandomFrictionHopper,/home/ubuntu/yi/offlinerl/OfflineRL/offlinerl_tmp/.aim/dynamics_model/d806354bcd01401684a1b3cb/dynamics_model.pt,42,discrete,"[0, 0.0003]",discrete,"[1, 2, 5]",discrete,"[0.05, 0.1, 0.2]"
f56dc_00028,127.8498722019537,37.729895433751636,98.372,19.095748636803954,-75.0405044555664,3.749284029006958,4.071719169616699,0.2690455913543701,0.021008288487792015,-109.96709632873535,-109.96750944519043,0.4130959202349186,1.4808028936386109e-10,91.37559527587891,/home/ubuntu/yi/offlinerl/OfflineRL/offlinerl_tmp/.aim/models/0bb3d13a68ac44acb2af01d9/policy.pt,1715348018,,True,1,2024-05-10_21-33-38,48029.13211226463,48029.13211226463,1803841,common-ts1resyc,10.244.12.190,48029.13211226463,1,"28_adv_weight=0.0010,horizon=5,seed=42,transition_adv_lr=0.0003",,[3],0.0001,256,5,1000,0.001,rambo,0.0001,0.2,0.0003,cuda,0.99,"[200, 200, 200, 200]",/home/ubuntu/yi/offlinerl/OfflineRL/offlinerl_tmp/.aim/dynamics_model/d806354bcd01401684a1b3cb/dynamics_model.pt,,1000,"[2.5e-05, 5e-05, 7.5e-05, 7.5e-05, 0.0001]",10,RandomFrictionHopper-rambo,"[256, 256]",5,False,True,0.01,,5,2000,5,False,[13],256,256,50,0.0001,,,True,0.5,50000.0,250,42,0.005,1000,,medium,99,RandomFrictionHopper,True,0.0003,256,7,0.001,,True,5,10,0.2,5,0.0003,0.001,42,"[0, 0.001, 0.0003]","[1, 5]","[0.001, 0.0003]",rambo,/home/ubuntu/yi/offlinerl/OfflineRL/offlinerl_tmp/.aim/dynamics_model/d806354bcd01401684a1b3cb/dynamics_model.pt,RandomFrictionHopper-rambo,42,RandomFrictionHopper,RandomFrictionHopper-rambo,rambo,RandomFrictionHopper,/home/ubuntu/yi/offlinerl/OfflineRL/offlinerl_tmp/.aim/dynamics_model/d806354bcd01401684a1b3cb/dynamics_model.pt,42,discrete,"[0, 0.0003]",discrete,"[1, 2, 5]",discrete,"[0.05, 0.1, 0.2]"
f56dc_00029,116.1456816124921,55.375217089037925,85.745,30.62828717052261,-79.0503158569336,1.32192862033844,0.5159550905227661,-0.8767342567443848,0.019825290888547897,-107.21143176269531,-107.21192557525634,1.6456510700285434,1.8277205526828767e-10,87.81173711395263,/home/ubuntu/yi/offlinerl/OfflineRL/offlinerl_tmp/.aim/models/09837db6cea048d196249ffc/policy.pt,1715349668,,True,1,2024-05-10_22-01-08,49401.61660194397,49401.61660194397,1804250,common-ts1resyc,10.244.12.190,49401.61660194397,1,"29_adv_weight=0.0003,horizon=5,seed=42,transition_adv_lr=0.0003",,[3],0.0001,256,5,1000,0.0003,rambo,0.0001,0.2,0.0003,cuda,0.99,"[200, 200, 200, 200]",/home/ubuntu/yi/offlinerl/OfflineRL/offlinerl_tmp/.aim/dynamics_model/d806354bcd01401684a1b3cb/dynamics_model.pt,,1000,"[2.5e-05, 5e-05, 7.5e-05, 7.5e-05, 0.0001]",10,RandomFrictionHopper-rambo,"[256, 256]",5,False,True,0.01,,5,2000,5,False,[13],256,256,50,0.0001,,,True,0.5,50000.0,250,42,0.005,1000,,medium,99,RandomFrictionHopper,True,0.0003,256,7,0.001,,True,5,10,0.2,5,0.0003,0.0003,42,"[0, 0.001, 0.0003]","[1, 5]","[0.001, 0.0003]",rambo,/home/ubuntu/yi/offlinerl/OfflineRL/offlinerl_tmp/.aim/dynamics_model/d806354bcd01401684a1b3cb/dynamics_model.pt,RandomFrictionHopper-rambo,42,RandomFrictionHopper,RandomFrictionHopper-rambo,rambo,RandomFrictionHopper,/home/ubuntu/yi/offlinerl/OfflineRL/offlinerl_tmp/.aim/dynamics_model/d806354bcd01401684a1b3cb/dynamics_model.pt,42,discrete,"[0, 0.0003]",discrete,"[1, 2, 5]",discrete,"[0.05, 0.1, 0.2]"
f56dc_00030,-2.8387910261733866,0.018078207647834788,6.0,0.0,5091618717696.0,2.560389918917188e+24,6.20424387462656e+23,-5669.787109375,1.0,-105.70190136814118,-105.70190136814118,0.2827422665655613,-3.4552067518234253e-10,70.58941634750366,/home/ubuntu/yi/offlinerl/OfflineRL/offlinerl_tmp/.aim/models/9395b285cd3148369ee34b43/policy.pt,1715368412,,True,1,2024-05-11_03-13-32,43294.040959358215,43294.040959358215,1815195,common-ts1resyc,10.244.12.190,43294.040959358215,1,"30_adv_weight=0,horizon=1,seed=210,transition_adv_lr=0.0003",,[3],0.0001,256,5,1000,0.0,rambo,0.0001,0.2,0.0003,cuda,0.99,"[200, 200, 200, 200]",/home/ubuntu/yi/offlinerl/OfflineRL/offlinerl_tmp/.aim/dynamics_model/d806354bcd01401684a1b3cb/dynamics_model.pt,,1000,"[2.5e-05, 5e-05, 7.5e-05, 7.5e-05, 0.0001]",10,RandomFrictionHopper-rambo,"[256, 256]",1,False,True,0.01,,5,2000,5,False,[13],256,256,50,0.0001,,,True,0.5,50000.0,250,210,0.005,1000,,medium,99,RandomFrictionHopper,True,0.0003,256,7,0.001,,True,5,10,0.2,1,0.0003,0.0,210,"[0, 0.001, 0.0003]","[1, 5]","[0.001, 0.0003]",rambo,/home/ubuntu/yi/offlinerl/OfflineRL/offlinerl_tmp/.aim/dynamics_model/d806354bcd01401684a1b3cb/dynamics_model.pt,RandomFrictionHopper-rambo,210,RandomFrictionHopper,RandomFrictionHopper-rambo,rambo,RandomFrictionHopper,/home/ubuntu/yi/offlinerl/OfflineRL/offlinerl_tmp/.aim/dynamics_model/d806354bcd01401684a1b3cb/dynamics_model.pt,210,discrete,"[0, 0.0003]",discrete,"[1, 2, 5]",discrete,"[0.05, 0.1, 0.2]"
f56dc_00031,17.24752145824061,1.295299094134033,23.472,3.6591277649188476,-278739136.0,4235295704743936.0,4404087382605824.0,-5677.06640625,1.0,-97.52045910167693,-97.52231805706025,1.858957901954651,-9.49949026107788e-11,54.93504761123657,/home/ubuntu/yi/offlinerl/OfflineRL/offlinerl_tmp/.aim/models/06c23c5a1599429183daaa94/policy.pt,1715374085,,True,1,2024-05-11_04-48-05,44259.90225958824,44259.90225958824,1817557,common-ts1resyc,10.244.12.190,44259.90225958824,1,"31_adv_weight=0.0010,horizon=1,seed=210,transition_adv_lr=0.0003",,[3],0.0001,256,5,1000,0.001,rambo,0.0001,0.2,0.0003,cuda,0.99,"[200, 200, 200, 200]",/home/ubuntu/yi/offlinerl/OfflineRL/offlinerl_tmp/.aim/dynamics_model/d806354bcd01401684a1b3cb/dynamics_model.pt,,1000,"[2.5e-05, 5e-05, 7.5e-05, 7.5e-05, 0.0001]",10,RandomFrictionHopper-rambo,"[256, 256]",1,False,True,0.01,,5,2000,5,False,[13],256,256,50,0.0001,,,True,0.5,50000.0,250,210,0.005,1000,,medium,99,RandomFrictionHopper,True,0.0003,256,7,0.001,,True,5,10,0.2,1,0.0003,0.001,210,"[0, 0.001, 0.0003]","[1, 5]","[0.001, 0.0003]",rambo,/home/ubuntu/yi/offlinerl/OfflineRL/offlinerl_tmp/.aim/dynamics_model/d806354bcd01401684a1b3cb/dynamics_model.pt,RandomFrictionHopper-rambo,210,RandomFrictionHopper,RandomFrictionHopper-rambo,rambo,RandomFrictionHopper,/home/ubuntu/yi/offlinerl/OfflineRL/offlinerl_tmp/.aim/dynamics_model/d806354bcd01401684a1b3cb/dynamics_model.pt,210,discrete,"[0, 0.0003]",discrete,"[1, 2, 5]",discrete,"[0.05, 0.1, 0.2]"
f56dc_00032,-4.227427105887289,0.10420767842671476,6.0,0.0,12147826360320.0,4.936272621305372e+24,1.525825318360647e+24,-5671.48046875,1.0,-109.21982255172729,-109.2197532119751,-0.2310652554035187,1.5040859580039978e-10,66.98800302124023,/home/ubuntu/yi/offlinerl/OfflineRL/offlinerl_tmp/.aim/models/057cb19800ff4ed884279b2f/policy.pt,1715374335,,True,1,2024-05-11_04-52-15,44269.710772275925,44269.710772275925,1817955,common-ts1resyc,10.244.12.190,44269.710772275925,1,"32_adv_weight=0.0003,horizon=1,seed=210,transition_adv_lr=0.0003",,[3],0.0001,256,5,1000,0.0003,rambo,0.0001,0.2,0.0003,cuda,0.99,"[200, 200, 200, 200]",/home/ubuntu/yi/offlinerl/OfflineRL/offlinerl_tmp/.aim/dynamics_model/d806354bcd01401684a1b3cb/dynamics_model.pt,,1000,"[2.5e-05, 5e-05, 7.5e-05, 7.5e-05, 0.0001]",10,RandomFrictionHopper-rambo,"[256, 256]",1,False,True,0.01,,5,2000,5,False,[13],256,256,50,0.0001,,,True,0.5,50000.0,250,210,0.005,1000,,medium,99,RandomFrictionHopper,True,0.0003,256,7,0.001,,True,5,10,0.2,1,0.0003,0.0003,210,"[0, 0.001, 0.0003]","[1, 5]","[0.001, 0.0003]",rambo,/home/ubuntu/yi/offlinerl/OfflineRL/offlinerl_tmp/.aim/dynamics_model/d806354bcd01401684a1b3cb/dynamics_model.pt,RandomFrictionHopper-rambo,210,RandomFrictionHopper,RandomFrictionHopper-rambo,rambo,RandomFrictionHopper,/home/ubuntu/yi/offlinerl/OfflineRL/offlinerl_tmp/.aim/dynamics_model/d806354bcd01401684a1b3cb/dynamics_model.pt,210,discrete,"[0, 0.0003]",discrete,"[1, 2, 5]",discrete,"[0.05, 0.1, 0.2]"
f56dc_00033,98.29079555628007,61.903733844928475,73.598,34.262521740233886,-77.43685150146484,0.47231975197792053,0.7804673910140991,0.16724014282226562,0.02056492492556572,-106.46971802902222,-106.46971802902222,1.062597293704748,-2.89292074739933e-10,87.55139675903321,/home/ubuntu/yi/offlinerl/OfflineRL/offlinerl_tmp/.aim/models/9df5aaba40394de7bdad8691/policy.pt,1715390110,,True,1,2024-05-11_09-15-10,42593.565970659256,42593.565970659256,1825633,common-ts1resyc,10.244.12.190,42593.565970659256,1,"33_adv_weight=0,horizon=5,seed=210,transition_adv_lr=0.0003",,[3],0.0001,256,5,1000,0.0,rambo,0.0001,0.2,0.0003,cuda,0.99,"[200, 200, 200, 200]",/home/ubuntu/yi/offlinerl/OfflineRL/offlinerl_tmp/.aim/dynamics_model/d806354bcd01401684a1b3cb/dynamics_model.pt,,1000,"[2.5e-05, 5e-05, 7.5e-05, 7.5e-05, 0.0001]",10,RandomFrictionHopper-rambo,"[256, 256]",5,False,True,0.01,,5,2000,5,False,[13],256,256,50,0.0001,,,True,0.5,50000.0,250,210,0.005,1000,,medium,99,RandomFrictionHopper,True,0.0003,256,7,0.001,,True,5,10,0.2,5,0.0003,0.0,210,"[0, 0.001, 0.0003]","[1, 5]","[0.001, 0.0003]",rambo,/home/ubuntu/yi/offlinerl/OfflineRL/offlinerl_tmp/.aim/dynamics_model/d806354bcd01401684a1b3cb/dynamics_model.pt,RandomFrictionHopper-rambo,210,RandomFrictionHopper,RandomFrictionHopper-rambo,rambo,RandomFrictionHopper,/home/ubuntu/yi/offlinerl/OfflineRL/offlinerl_tmp/.aim/dynamics_model/d806354bcd01401684a1b3cb/dynamics_model.pt,210,discrete,"[0, 0.0003]",discrete,"[1, 2, 5]",discrete,"[0.05, 0.1, 0.2]"
f56dc_00034,169.8313590810239,3.5564228071326127,111.786,1.3130894866687495,-71.43716430664062,0.38138139247894287,0.39879652857780457,-0.26140260696411133,0.0227554589509964,-102.3792420451641,-102.37907031905651,-0.1717619504481554,-1.0395888239145279e-10,88.60986309814453,/home/ubuntu/yi/offlinerl/OfflineRL/offlinerl_tmp/.aim/models/93b847a9608448c9845cc08a/policy.pt,1715390231,,True,1,2024-05-11_09-17-11,42209.497045755386,42209.497045755386,1826177,common-ts1resyc,10.244.12.190,42209.497045755386,1,"34_adv_weight=0.0010,horizon=5,seed=210,transition_adv_lr=0.0003",,[3],0.0001,256,5,1000,0.001,rambo,0.0001,0.2,0.0003,cuda,0.99,"[200, 200, 200, 200]",/home/ubuntu/yi/offlinerl/OfflineRL/offlinerl_tmp/.aim/dynamics_model/d806354bcd01401684a1b3cb/dynamics_model.pt,,1000,"[2.5e-05, 5e-05, 7.5e-05, 7.5e-05, 0.0001]",10,RandomFrictionHopper-rambo,"[256, 256]",5,False,True,0.01,,5,2000,5,False,[13],256,256,50,0.0001,,,True,0.5,50000.0,250,210,0.005,1000,,medium,99,RandomFrictionHopper,True,0.0003,256,7,0.001,,True,5,10,0.2,5,0.0003,0.001,210,"[0, 0.001, 0.0003]","[1, 5]","[0.001, 0.0003]",rambo,/home/ubuntu/yi/offlinerl/OfflineRL/offlinerl_tmp/.aim/dynamics_model/d806354bcd01401684a1b3cb/dynamics_model.pt,RandomFrictionHopper-rambo,210,RandomFrictionHopper,RandomFrictionHopper-rambo,rambo,RandomFrictionHopper,/home/ubuntu/yi/offlinerl/OfflineRL/offlinerl_tmp/.aim/dynamics_model/d806354bcd01401684a1b3cb/dynamics_model.pt,210,discrete,"[0, 0.0003]",discrete,"[1, 2, 5]",discrete,"[0.05, 0.1, 0.2]"
f56dc_00035,109.6119774183795,70.14943072329046,81.024,39.81657222815646,-68.9469985961914,7.247405052185059,7.3649468421936035,1.0309863090515137,0.021072745323181152,-106.08313617992401,-106.08351626205445,1.2671966010928153,3.026798367500305e-12,89.63789191436767,/home/ubuntu/yi/offlinerl/OfflineRL/offlinerl_tmp/.aim/models/75ec2fb6e6f34a048ce40bd3/policy.pt,1715388850,,True,1,2024-05-11_08-54-10,39178.262989997864,39178.262989997864,1826974,common-ts1resyc,10.244.12.190,39178.262989997864,1,"35_adv_weight=0.0003,horizon=5,seed=210,transition_adv_lr=0.0003",,[3],0.0001,256,5,1000,0.0003,rambo,0.0001,0.2,0.0003,cuda,0.99,"[200, 200, 200, 200]",/home/ubuntu/yi/offlinerl/OfflineRL/offlinerl_tmp/.aim/dynamics_model/d806354bcd01401684a1b3cb/dynamics_model.pt,,1000,"[2.5e-05, 5e-05, 7.5e-05, 7.5e-05, 0.0001]",10,RandomFrictionHopper-rambo,"[256, 256]",5,False,True,0.01,,5,2000,5,False,[13],256,256,50,0.0001,,,True,0.5,50000.0,250,210,0.005,1000,,medium,99,RandomFrictionHopper,True,0.0003,256,7,0.001,,True,5,10,0.2,5,0.0003,0.0003,210,"[0, 0.001, 0.0003]","[1, 5]","[0.001, 0.0003]",rambo,/home/ubuntu/yi/offlinerl/OfflineRL/offlinerl_tmp/.aim/dynamics_model/d806354bcd01401684a1b3cb/dynamics_model.pt,RandomFrictionHopper-rambo,210,RandomFrictionHopper,RandomFrictionHopper-rambo,rambo,RandomFrictionHopper,/home/ubuntu/yi/offlinerl/OfflineRL/offlinerl_tmp/.aim/dynamics_model/d806354bcd01401684a1b3cb/dynamics_model.pt,210,discrete,"[0, 0.0003]",discrete,"[1, 2, 5]",discrete,"[0.05, 0.1, 0.2]"
