trial_id,Reward_Mean_Env,Reward_Std_Env,Length_Mean_Env,Length_Std_Env,loss/actor,loss/critic1,loss/critic2,loss/alpha,alpha,adv_dynamics_update/all_loss,adv_dynamics_update/sl_loss,adv_dynamics_update/adv_loss,adv_dynamics_update/adv_advantage,adv_dynamics_update/adv_log_prob,model_path,timestamp,checkpoint_dir_name,done,training_iteration,date,time_this_iter_s,time_total_s,pid,hostname,node_ip,time_since_restore,iterations_since_restore,experiment_tag,hparams/act_shape,hparams/action_shape,hparams/actor_lr,hparams/adv_rollout_batch_size,hparams/adv_rollout_length,hparams/adv_train_steps,hparams/adv_weight,hparams/aim_path,hparams/algo_name,hparams/alpha_lr,hparams/alpha,hparams/critic_lr,hparams/device,hparams/discount,hparams/dynamics_hidden_dims,hparams/dynamics_path,hparams/dynamics_save_path,hparams/dynamics_update_freq,hparams/dynamics_weight_decay,hparams/eval_episodes,hparams/exp_name,hparams/hidden_dims,hparams/horizon,hparams/include_ent_in_adv,hparams/learnable_alpha,hparams/logvar_loss_coef,hparams/max_action,hparams/max_epochs_since_update,hparams/max_epoch,hparams/model_retain_epochs,hparams/normalize_obs,hparams/obs_shape,hparams/policy_batch_size,hparams/policy_bc_batch_size,hparams/policy_bc_epoch,hparams/policy_bc_lr,hparams/policy_bc_path,hparams/policy_bc_save_path,hparams/policy_scaler,hparams/real_data_ratio,hparams/rollout_batch_size,hparams/rollout_freq,hparams/seed,hparams/soft_target_tau,hparams/steps_per_epoch,hparams/target_entropy,hparams/task_data_type,hparams/task_train_num,hparams/task,hparams/trainsition_clip,hparams/transition_adv_lr,hparams/transition_batch_size,hparams/transition_init_num,hparams/transition_lr,hparams/transition_max_epochs,hparams/transition_scaler,hparams/transition_select_num,hparams/val_frequency,hparams/val_ratio,config/horizon,config/transition_adv_lr,config/adv_weight,config/seed,hparams/grid_tune/adv_weight,hparams/grid_tune/horizon,hparams/grid_tune/transition_adv_lr,hparams/kwargs/aim_path,hparams/kwargs/algo_name,hparams/kwargs/dynamics_path,hparams/kwargs/exp_name,hparams/kwargs/seed,hparams/kwargs/task,config/kwargs/exp_name,config/kwargs/algo_name,config/kwargs/task,config/kwargs/aim_path,config/kwargs/dynamics_path,config/kwargs/seed,hparams/params_tune/adv_weight/type,hparams/params_tune/adv_weight/value,hparams/params_tune/horizon/type,hparams/params_tune/horizon/value,hparams/params_tune/real_data_ratio/type,hparams/params_tune/real_data_ratio/value
76b27_00000,20.91909965406491,6.158632214279503,100.0,0.0,2.484990358352661,0.2096836268901825,0.2061029523611068,0.1139706522226333,0.0703155025839805,-79.18966548156739,-79.18966548156739,1.032428018420935,2.6938505470752717e-10,73.95936861419678,/home/ubuntu/fortzl/NeoRL2/benchmark/tune_Fusion_domain_lastmodel_modelbased_rambo_mobile/.aim/models/d73ab9a4cf984838949911b7/policy.pt,1717025934,,True,1,2024-05-30_07-38-54,49020.299988508224,49020.299988508224,4307,common-fc7a7ixb,10.244.2.10,49020.299988508224,1,"0_adv_weight=0,horizon=1,seed=7,transition_adv_lr=0.0010",,[6],0.0001,256,5,1000,0.0,/home/ubuntu/fortzl/NeoRL2/benchmark/tune_Fusion_domain_lastmodel_modelbased_rambo_mobile,rambo,0.0001,0.2,0.0003,cuda,0.99,"[200, 200, 200, 200]",/home/ubuntu/fortzl/NeoRL2/benchmark/tune_Fusion_domain_lastmodel_modelbased_rambo_mobile/.aim/dynamics_model/c6be4ffa0b25410a9e77eecd/dynamics_model.pt,,1000,"[2.5e-05, 5e-05, 7.5e-05, 7.5e-05, 0.0001]",10,Fusion-rambo,"[256, 256]",1,False,True,0.01,,5,2000,5,False,[15],256,256,50,0.0001,,,True,0.5,50000.0,250,7,0.005,1000,,medium,99,Fusion,True,0.001,256,7,0.001,,True,5,10,0.2,1,0.001,0.0,7,"[0, 0.001, 0.0003]","[1, 5]","[0.001, 0.0003]",/home/ubuntu/fortzl/NeoRL2/benchmark/tune_Fusion_domain_lastmodel_modelbased_rambo_mobile,rambo,/home/ubuntu/fortzl/NeoRL2/benchmark/tune_Fusion_domain_lastmodel_modelbased_rambo_mobile/.aim/dynamics_model/c6be4ffa0b25410a9e77eecd/dynamics_model.pt,Fusion-rambo,7,Fusion,Fusion-rambo,rambo,Fusion,/home/ubuntu/fortzl/NeoRL2/benchmark/tune_Fusion_domain_lastmodel_modelbased_rambo_mobile,/home/ubuntu/fortzl/NeoRL2/benchmark/tune_Fusion_domain_lastmodel_modelbased_rambo_mobile/.aim/dynamics_model/c6be4ffa0b25410a9e77eecd/dynamics_model.pt,7,discrete,"[0, 0.0003]",discrete,"[1, 2, 5]",discrete,"[0.05, 0.1, 0.2]"
76b27_00001,28.458660443290352,6.889467017682555,100.0,0.0,57.538856506347656,0.6128164529800415,0.6217782497406006,0.1788160949945449,0.0825489908456802,-65.18138768529892,-65.1866688451767,5.281078188538551,7.636845111846924e-11,53.25898708343506,/home/ubuntu/fortzl/NeoRL2/benchmark/tune_Fusion_domain_lastmodel_modelbased_rambo_mobile/.aim/models/33b36dcdfdbe4c2697a433d6/policy.pt,1717027580,,True,1,2024-05-30_08-06-20,50666.86080431938,50666.86080431938,4395,common-fc7a7ixb,10.244.2.10,50666.86080431938,1,"1_adv_weight=0.0010,horizon=1,seed=7,transition_adv_lr=0.0010",,[6],0.0001,256,5,1000,0.001,/home/ubuntu/fortzl/NeoRL2/benchmark/tune_Fusion_domain_lastmodel_modelbased_rambo_mobile,rambo,0.0001,0.2,0.0003,cuda,0.99,"[200, 200, 200, 200]",/home/ubuntu/fortzl/NeoRL2/benchmark/tune_Fusion_domain_lastmodel_modelbased_rambo_mobile/.aim/dynamics_model/c6be4ffa0b25410a9e77eecd/dynamics_model.pt,,1000,"[2.5e-05, 5e-05, 7.5e-05, 7.5e-05, 0.0001]",10,Fusion-rambo,"[256, 256]",1,False,True,0.01,,5,2000,5,False,[15],256,256,50,0.0001,,,True,0.5,50000.0,250,7,0.005,1000,,medium,99,Fusion,True,0.001,256,7,0.001,,True,5,10,0.2,1,0.001,0.001,7,"[0, 0.001, 0.0003]","[1, 5]","[0.001, 0.0003]",/home/ubuntu/fortzl/NeoRL2/benchmark/tune_Fusion_domain_lastmodel_modelbased_rambo_mobile,rambo,/home/ubuntu/fortzl/NeoRL2/benchmark/tune_Fusion_domain_lastmodel_modelbased_rambo_mobile/.aim/dynamics_model/c6be4ffa0b25410a9e77eecd/dynamics_model.pt,Fusion-rambo,7,Fusion,Fusion-rambo,rambo,Fusion,/home/ubuntu/fortzl/NeoRL2/benchmark/tune_Fusion_domain_lastmodel_modelbased_rambo_mobile,/home/ubuntu/fortzl/NeoRL2/benchmark/tune_Fusion_domain_lastmodel_modelbased_rambo_mobile/.aim/dynamics_model/c6be4ffa0b25410a9e77eecd/dynamics_model.pt,7,discrete,"[0, 0.0003]",discrete,"[1, 2, 5]",discrete,"[0.05, 0.1, 0.2]"
76b27_00002,23.220841215086264,6.016607571958874,100.0,0.0,-0.6669586896896362,0.267919659614563,0.2704769372940063,-0.1374625712633133,0.068566583096981,-77.14243513393401,-77.14256857967376,0.4449805480837822,2.3632310330867765e-10,72.51250787353516,/home/ubuntu/fortzl/NeoRL2/benchmark/tune_Fusion_domain_lastmodel_modelbased_rambo_mobile/.aim/models/fc0f86b8b8b544acb6661b7c/policy.pt,1717026578,,True,1,2024-05-30_07-49-38,49665.35655808449,49665.35655808449,4419,common-fc7a7ixb,10.244.2.10,49665.35655808449,1,"2_adv_weight=0.0003,horizon=1,seed=7,transition_adv_lr=0.0010",,[6],0.0001,256,5,1000,0.0003,/home/ubuntu/fortzl/NeoRL2/benchmark/tune_Fusion_domain_lastmodel_modelbased_rambo_mobile,rambo,0.0001,0.2,0.0003,cuda,0.99,"[200, 200, 200, 200]",/home/ubuntu/fortzl/NeoRL2/benchmark/tune_Fusion_domain_lastmodel_modelbased_rambo_mobile/.aim/dynamics_model/c6be4ffa0b25410a9e77eecd/dynamics_model.pt,,1000,"[2.5e-05, 5e-05, 7.5e-05, 7.5e-05, 0.0001]",10,Fusion-rambo,"[256, 256]",1,False,True,0.01,,5,2000,5,False,[15],256,256,50,0.0001,,,True,0.5,50000.0,250,7,0.005,1000,,medium,99,Fusion,True,0.001,256,7,0.001,,True,5,10,0.2,1,0.001,0.0003,7,"[0, 0.001, 0.0003]","[1, 5]","[0.001, 0.0003]",/home/ubuntu/fortzl/NeoRL2/benchmark/tune_Fusion_domain_lastmodel_modelbased_rambo_mobile,rambo,/home/ubuntu/fortzl/NeoRL2/benchmark/tune_Fusion_domain_lastmodel_modelbased_rambo_mobile/.aim/dynamics_model/c6be4ffa0b25410a9e77eecd/dynamics_model.pt,Fusion-rambo,7,Fusion,Fusion-rambo,rambo,Fusion,/home/ubuntu/fortzl/NeoRL2/benchmark/tune_Fusion_domain_lastmodel_modelbased_rambo_mobile,/home/ubuntu/fortzl/NeoRL2/benchmark/tune_Fusion_domain_lastmodel_modelbased_rambo_mobile/.aim/dynamics_model/c6be4ffa0b25410a9e77eecd/dynamics_model.pt,7,discrete,"[0, 0.0003]",discrete,"[1, 2, 5]",discrete,"[0.05, 0.1, 0.2]"
76b27_00003,-192.89817567229272,1.1776942371294088,100.0,0.0,-292.6758117675781,1.574126958847046,1.6165854930877686,0.0527180880308151,0.0563170276582241,-78.0913447098732,-78.0913447098732,2.2313857001662254,-3.8999132812023164e-10,67.71161567687989,/home/ubuntu/fortzl/NeoRL2/benchmark/tune_Fusion_domain_lastmodel_modelbased_rambo_mobile/.aim/models/4066b0e607cd453d8cab0bb2/policy.pt,1717031807,,True,1,2024-05-30_09-16-47,54892.571222782135,54892.571222782135,4420,common-fc7a7ixb,10.244.2.10,54892.571222782135,1,"3_adv_weight=0,horizon=5,seed=7,transition_adv_lr=0.0010",,[6],0.0001,256,5,1000,0.0,/home/ubuntu/fortzl/NeoRL2/benchmark/tune_Fusion_domain_lastmodel_modelbased_rambo_mobile,rambo,0.0001,0.2,0.0003,cuda,0.99,"[200, 200, 200, 200]",/home/ubuntu/fortzl/NeoRL2/benchmark/tune_Fusion_domain_lastmodel_modelbased_rambo_mobile/.aim/dynamics_model/c6be4ffa0b25410a9e77eecd/dynamics_model.pt,,1000,"[2.5e-05, 5e-05, 7.5e-05, 7.5e-05, 0.0001]",10,Fusion-rambo,"[256, 256]",5,False,True,0.01,,5,2000,5,False,[15],256,256,50,0.0001,,,True,0.5,50000.0,250,7,0.005,1000,,medium,99,Fusion,True,0.001,256,7,0.001,,True,5,10,0.2,5,0.001,0.0,7,"[0, 0.001, 0.0003]","[1, 5]","[0.001, 0.0003]",/home/ubuntu/fortzl/NeoRL2/benchmark/tune_Fusion_domain_lastmodel_modelbased_rambo_mobile,rambo,/home/ubuntu/fortzl/NeoRL2/benchmark/tune_Fusion_domain_lastmodel_modelbased_rambo_mobile/.aim/dynamics_model/c6be4ffa0b25410a9e77eecd/dynamics_model.pt,Fusion-rambo,7,Fusion,Fusion-rambo,rambo,Fusion,/home/ubuntu/fortzl/NeoRL2/benchmark/tune_Fusion_domain_lastmodel_modelbased_rambo_mobile,/home/ubuntu/fortzl/NeoRL2/benchmark/tune_Fusion_domain_lastmodel_modelbased_rambo_mobile/.aim/dynamics_model/c6be4ffa0b25410a9e77eecd/dynamics_model.pt,7,discrete,"[0, 0.0003]",discrete,"[1, 2, 5]",discrete,"[0.05, 0.1, 0.2]"
76b27_00004,35.82353189935887,6.44792456436015,100.0,0.0,0.0777969509363174,1.168021321296692,1.1405421495437622,-0.1657215058803558,0.042428184300661,-47.58397243499756,-47.5864916229248,2.5192131890952587,-2.5751069188117983e-10,27.62150452041626,/home/ubuntu/fortzl/NeoRL2/benchmark/tune_Fusion_domain_lastmodel_modelbased_rambo_mobile/.aim/models/4a8cb77f465a4255a41d6bc3/policy.pt,1717033076,,True,1,2024-05-30_09-37-56,56163.32298159599,56163.32298159599,4479,common-fc7a7ixb,10.244.2.10,56163.32298159599,1,"4_adv_weight=0.0010,horizon=5,seed=7,transition_adv_lr=0.0010",,[6],0.0001,256,5,1000,0.001,/home/ubuntu/fortzl/NeoRL2/benchmark/tune_Fusion_domain_lastmodel_modelbased_rambo_mobile,rambo,0.0001,0.2,0.0003,cuda,0.99,"[200, 200, 200, 200]",/home/ubuntu/fortzl/NeoRL2/benchmark/tune_Fusion_domain_lastmodel_modelbased_rambo_mobile/.aim/dynamics_model/c6be4ffa0b25410a9e77eecd/dynamics_model.pt,,1000,"[2.5e-05, 5e-05, 7.5e-05, 7.5e-05, 0.0001]",10,Fusion-rambo,"[256, 256]",5,False,True,0.01,,5,2000,5,False,[15],256,256,50,0.0001,,,True,0.5,50000.0,250,7,0.005,1000,,medium,99,Fusion,True,0.001,256,7,0.001,,True,5,10,0.2,5,0.001,0.001,7,"[0, 0.001, 0.0003]","[1, 5]","[0.001, 0.0003]",/home/ubuntu/fortzl/NeoRL2/benchmark/tune_Fusion_domain_lastmodel_modelbased_rambo_mobile,rambo,/home/ubuntu/fortzl/NeoRL2/benchmark/tune_Fusion_domain_lastmodel_modelbased_rambo_mobile/.aim/dynamics_model/c6be4ffa0b25410a9e77eecd/dynamics_model.pt,Fusion-rambo,7,Fusion,Fusion-rambo,rambo,Fusion,/home/ubuntu/fortzl/NeoRL2/benchmark/tune_Fusion_domain_lastmodel_modelbased_rambo_mobile,/home/ubuntu/fortzl/NeoRL2/benchmark/tune_Fusion_domain_lastmodel_modelbased_rambo_mobile/.aim/dynamics_model/c6be4ffa0b25410a9e77eecd/dynamics_model.pt,7,discrete,"[0, 0.0003]",discrete,"[1, 2, 5]",discrete,"[0.05, 0.1, 0.2]"
76b27_00005,-159.29909001571872,2.6207103965199225,100.0,0.0,-246.20916748046875,2.5229859352111816,2.524965524673462,-1.9650793075561523,0.0437677279114723,-65.65169649505616,-65.64955414009094,-7.141182374000549,-1.78581103682518e-10,46.23605902481079,/home/ubuntu/fortzl/NeoRL2/benchmark/tune_Fusion_domain_lastmodel_modelbased_rambo_mobile/.aim/models/7277c128a42f40ad91f84a49/policy.pt,1717032751,,True,1,2024-05-30_09-32-31,55838.88214755058,55838.88214755058,4710,common-fc7a7ixb,10.244.2.10,55838.88214755058,1,"5_adv_weight=0.0003,horizon=5,seed=7,transition_adv_lr=0.0010",,[6],0.0001,256,5,1000,0.0003,/home/ubuntu/fortzl/NeoRL2/benchmark/tune_Fusion_domain_lastmodel_modelbased_rambo_mobile,rambo,0.0001,0.2,0.0003,cuda,0.99,"[200, 200, 200, 200]",/home/ubuntu/fortzl/NeoRL2/benchmark/tune_Fusion_domain_lastmodel_modelbased_rambo_mobile/.aim/dynamics_model/c6be4ffa0b25410a9e77eecd/dynamics_model.pt,,1000,"[2.5e-05, 5e-05, 7.5e-05, 7.5e-05, 0.0001]",10,Fusion-rambo,"[256, 256]",5,False,True,0.01,,5,2000,5,False,[15],256,256,50,0.0001,,,True,0.5,50000.0,250,7,0.005,1000,,medium,99,Fusion,True,0.001,256,7,0.001,,True,5,10,0.2,5,0.001,0.0003,7,"[0, 0.001, 0.0003]","[1, 5]","[0.001, 0.0003]",/home/ubuntu/fortzl/NeoRL2/benchmark/tune_Fusion_domain_lastmodel_modelbased_rambo_mobile,rambo,/home/ubuntu/fortzl/NeoRL2/benchmark/tune_Fusion_domain_lastmodel_modelbased_rambo_mobile/.aim/dynamics_model/c6be4ffa0b25410a9e77eecd/dynamics_model.pt,Fusion-rambo,7,Fusion,Fusion-rambo,rambo,Fusion,/home/ubuntu/fortzl/NeoRL2/benchmark/tune_Fusion_domain_lastmodel_modelbased_rambo_mobile,/home/ubuntu/fortzl/NeoRL2/benchmark/tune_Fusion_domain_lastmodel_modelbased_rambo_mobile/.aim/dynamics_model/c6be4ffa0b25410a9e77eecd/dynamics_model.pt,7,discrete,"[0, 0.0003]",discrete,"[1, 2, 5]",discrete,"[0.05, 0.1, 0.2]"
76b27_00006,24.11713568690552,6.191547373996969,100.0,0.0,1.975042700767517,0.2367060482501983,0.2515286207199096,0.0111569017171859,0.0699760392308235,-79.2727534866333,-79.2727534866333,0.9746949031054972,5.285255610942841e-10,74.2105359954834,/home/ubuntu/fortzl/NeoRL2/benchmark/tune_Fusion_domain_lastmodel_modelbased_rambo_mobile/.aim/models/c97c5e52bc38491c9f98c165/policy.pt,1717026354,,True,1,2024-05-30_07-45-54,49439.86020755768,49439.86020755768,4751,common-fc7a7ixb,10.244.2.10,49439.86020755768,1,"6_adv_weight=0,horizon=1,seed=42,transition_adv_lr=0.0010",,[6],0.0001,256,5,1000,0.0,/home/ubuntu/fortzl/NeoRL2/benchmark/tune_Fusion_domain_lastmodel_modelbased_rambo_mobile,rambo,0.0001,0.2,0.0003,cuda,0.99,"[200, 200, 200, 200]",/home/ubuntu/fortzl/NeoRL2/benchmark/tune_Fusion_domain_lastmodel_modelbased_rambo_mobile/.aim/dynamics_model/c6be4ffa0b25410a9e77eecd/dynamics_model.pt,,1000,"[2.5e-05, 5e-05, 7.5e-05, 7.5e-05, 0.0001]",10,Fusion-rambo,"[256, 256]",1,False,True,0.01,,5,2000,5,False,[15],256,256,50,0.0001,,,True,0.5,50000.0,250,42,0.005,1000,,medium,99,Fusion,True,0.001,256,7,0.001,,True,5,10,0.2,1,0.001,0.0,42,"[0, 0.001, 0.0003]","[1, 5]","[0.001, 0.0003]",/home/ubuntu/fortzl/NeoRL2/benchmark/tune_Fusion_domain_lastmodel_modelbased_rambo_mobile,rambo,/home/ubuntu/fortzl/NeoRL2/benchmark/tune_Fusion_domain_lastmodel_modelbased_rambo_mobile/.aim/dynamics_model/c6be4ffa0b25410a9e77eecd/dynamics_model.pt,Fusion-rambo,42,Fusion,Fusion-rambo,rambo,Fusion,/home/ubuntu/fortzl/NeoRL2/benchmark/tune_Fusion_domain_lastmodel_modelbased_rambo_mobile,/home/ubuntu/fortzl/NeoRL2/benchmark/tune_Fusion_domain_lastmodel_modelbased_rambo_mobile/.aim/dynamics_model/c6be4ffa0b25410a9e77eecd/dynamics_model.pt,42,discrete,"[0, 0.0003]",discrete,"[1, 2, 5]",discrete,"[0.05, 0.1, 0.2]"
76b27_00007,18.42603146149641,7.19546730115133,100.0,0.0,418.6260681152344,20.173606872558597,20.57644462585449,-0.0539148151874542,0.3754165768623352,-53.773190341949466,-53.7806845779419,7.49426904797554,1.0593794286251067e-10,39.11367177200317,/home/ubuntu/fortzl/NeoRL2/benchmark/tune_Fusion_domain_lastmodel_modelbased_rambo_mobile/.aim/models/feec11ac719f44128253d238/policy.pt,1717025771,,True,1,2024-05-30_07-36-11,48856.40379214287,48856.40379214287,4760,common-fc7a7ixb,10.244.2.10,48856.40379214287,1,"7_adv_weight=0.0010,horizon=1,seed=42,transition_adv_lr=0.0010",,[6],0.0001,256,5,1000,0.001,/home/ubuntu/fortzl/NeoRL2/benchmark/tune_Fusion_domain_lastmodel_modelbased_rambo_mobile,rambo,0.0001,0.2,0.0003,cuda,0.99,"[200, 200, 200, 200]",/home/ubuntu/fortzl/NeoRL2/benchmark/tune_Fusion_domain_lastmodel_modelbased_rambo_mobile/.aim/dynamics_model/c6be4ffa0b25410a9e77eecd/dynamics_model.pt,,1000,"[2.5e-05, 5e-05, 7.5e-05, 7.5e-05, 0.0001]",10,Fusion-rambo,"[256, 256]",1,False,True,0.01,,5,2000,5,False,[15],256,256,50,0.0001,,,True,0.5,50000.0,250,42,0.005,1000,,medium,99,Fusion,True,0.001,256,7,0.001,,True,5,10,0.2,1,0.001,0.001,42,"[0, 0.001, 0.0003]","[1, 5]","[0.001, 0.0003]",/home/ubuntu/fortzl/NeoRL2/benchmark/tune_Fusion_domain_lastmodel_modelbased_rambo_mobile,rambo,/home/ubuntu/fortzl/NeoRL2/benchmark/tune_Fusion_domain_lastmodel_modelbased_rambo_mobile/.aim/dynamics_model/c6be4ffa0b25410a9e77eecd/dynamics_model.pt,Fusion-rambo,42,Fusion,Fusion-rambo,rambo,Fusion,/home/ubuntu/fortzl/NeoRL2/benchmark/tune_Fusion_domain_lastmodel_modelbased_rambo_mobile,/home/ubuntu/fortzl/NeoRL2/benchmark/tune_Fusion_domain_lastmodel_modelbased_rambo_mobile/.aim/dynamics_model/c6be4ffa0b25410a9e77eecd/dynamics_model.pt,42,discrete,"[0, 0.0003]",discrete,"[1, 2, 5]",discrete,"[0.05, 0.1, 0.2]"
76b27_00008,25.13714127593191,6.2710900128884655,100.0,0.0,-1.156158208847046,0.1841202080249786,0.2030923515558242,0.0564599931240081,0.0698358714580535,-78.86932766723633,-78.86959756469727,0.8996276738345623,-1.9650906324386599e-10,73.80090399932861,/home/ubuntu/fortzl/NeoRL2/benchmark/tune_Fusion_domain_lastmodel_modelbased_rambo_mobile/.aim/models/e1ebb7bede994a67be1af1b9/policy.pt,1717025490,,True,1,2024-05-30_07-31-30,48576.28130626679,48576.28130626679,4811,common-fc7a7ixb,10.244.2.10,48576.28130626679,1,"8_adv_weight=0.0003,horizon=1,seed=42,transition_adv_lr=0.0010",,[6],0.0001,256,5,1000,0.0003,/home/ubuntu/fortzl/NeoRL2/benchmark/tune_Fusion_domain_lastmodel_modelbased_rambo_mobile,rambo,0.0001,0.2,0.0003,cuda,0.99,"[200, 200, 200, 200]",/home/ubuntu/fortzl/NeoRL2/benchmark/tune_Fusion_domain_lastmodel_modelbased_rambo_mobile/.aim/dynamics_model/c6be4ffa0b25410a9e77eecd/dynamics_model.pt,,1000,"[2.5e-05, 5e-05, 7.5e-05, 7.5e-05, 0.0001]",10,Fusion-rambo,"[256, 256]",1,False,True,0.01,,5,2000,5,False,[15],256,256,50,0.0001,,,True,0.5,50000.0,250,42,0.005,1000,,medium,99,Fusion,True,0.001,256,7,0.001,,True,5,10,0.2,1,0.001,0.0003,42,"[0, 0.001, 0.0003]","[1, 5]","[0.001, 0.0003]",/home/ubuntu/fortzl/NeoRL2/benchmark/tune_Fusion_domain_lastmodel_modelbased_rambo_mobile,rambo,/home/ubuntu/fortzl/NeoRL2/benchmark/tune_Fusion_domain_lastmodel_modelbased_rambo_mobile/.aim/dynamics_model/c6be4ffa0b25410a9e77eecd/dynamics_model.pt,Fusion-rambo,42,Fusion,Fusion-rambo,rambo,Fusion,/home/ubuntu/fortzl/NeoRL2/benchmark/tune_Fusion_domain_lastmodel_modelbased_rambo_mobile,/home/ubuntu/fortzl/NeoRL2/benchmark/tune_Fusion_domain_lastmodel_modelbased_rambo_mobile/.aim/dynamics_model/c6be4ffa0b25410a9e77eecd/dynamics_model.pt,42,discrete,"[0, 0.0003]",discrete,"[1, 2, 5]",discrete,"[0.05, 0.1, 0.2]"
76b27_00009,-210.0515669941902,2.0636335973573696,100.0,0.0,-268.9965515136719,1.8709980249404907,1.8065650463104248,-0.5487561225891113,0.0651840642094612,-78.50629759269953,-78.50629759269953,0.8680746310353279,7.220078259706496e-10,66.0381845664978,/home/ubuntu/fortzl/NeoRL2/benchmark/tune_Fusion_domain_lastmodel_modelbased_rambo_mobile/.aim/models/7621f392cabc4578ae17c929/policy.pt,1717032123,,True,1,2024-05-30_09-22-03,55208.8641872406,55208.8641872406,4762,common-fc7a7ixb,10.244.2.10,55208.8641872406,1,"9_adv_weight=0,horizon=5,seed=42,transition_adv_lr=0.0010",,[6],0.0001,256,5,1000,0.0,/home/ubuntu/fortzl/NeoRL2/benchmark/tune_Fusion_domain_lastmodel_modelbased_rambo_mobile,rambo,0.0001,0.2,0.0003,cuda,0.99,"[200, 200, 200, 200]",/home/ubuntu/fortzl/NeoRL2/benchmark/tune_Fusion_domain_lastmodel_modelbased_rambo_mobile/.aim/dynamics_model/c6be4ffa0b25410a9e77eecd/dynamics_model.pt,,1000,"[2.5e-05, 5e-05, 7.5e-05, 7.5e-05, 0.0001]",10,Fusion-rambo,"[256, 256]",5,False,True,0.01,,5,2000,5,False,[15],256,256,50,0.0001,,,True,0.5,50000.0,250,42,0.005,1000,,medium,99,Fusion,True,0.001,256,7,0.001,,True,5,10,0.2,5,0.001,0.0,42,"[0, 0.001, 0.0003]","[1, 5]","[0.001, 0.0003]",/home/ubuntu/fortzl/NeoRL2/benchmark/tune_Fusion_domain_lastmodel_modelbased_rambo_mobile,rambo,/home/ubuntu/fortzl/NeoRL2/benchmark/tune_Fusion_domain_lastmodel_modelbased_rambo_mobile/.aim/dynamics_model/c6be4ffa0b25410a9e77eecd/dynamics_model.pt,Fusion-rambo,42,Fusion,Fusion-rambo,rambo,Fusion,/home/ubuntu/fortzl/NeoRL2/benchmark/tune_Fusion_domain_lastmodel_modelbased_rambo_mobile,/home/ubuntu/fortzl/NeoRL2/benchmark/tune_Fusion_domain_lastmodel_modelbased_rambo_mobile/.aim/dynamics_model/c6be4ffa0b25410a9e77eecd/dynamics_model.pt,42,discrete,"[0, 0.0003]",discrete,"[1, 2, 5]",discrete,"[0.05, 0.1, 0.2]"
76b27_00010,-149.465594797194,1.8124607308082268,100.0,0.0,-38.08684921264648,3.2657670974731445,3.3500609397888184,-0.0942124128341674,0.0209660977125167,1053354.083937477,1053354.0790803414,4.860448811739683,-3.3993273973464964e-11,21.92401138114929,/home/ubuntu/fortzl/NeoRL2/benchmark/tune_Fusion_domain_lastmodel_modelbased_rambo_mobile/.aim/models/b35b62d1f13b4bbea0f909ce/policy.pt,1717032661,,True,1,2024-05-30_09-31-01,55747.5943672657,55747.5943672657,4761,common-fc7a7ixb,10.244.2.10,55747.5943672657,1,"10_adv_weight=0.0010,horizon=5,seed=42,transition_adv_lr=0.0010",,[6],0.0001,256,5,1000,0.001,/home/ubuntu/fortzl/NeoRL2/benchmark/tune_Fusion_domain_lastmodel_modelbased_rambo_mobile,rambo,0.0001,0.2,0.0003,cuda,0.99,"[200, 200, 200, 200]",/home/ubuntu/fortzl/NeoRL2/benchmark/tune_Fusion_domain_lastmodel_modelbased_rambo_mobile/.aim/dynamics_model/c6be4ffa0b25410a9e77eecd/dynamics_model.pt,,1000,"[2.5e-05, 5e-05, 7.5e-05, 7.5e-05, 0.0001]",10,Fusion-rambo,"[256, 256]",5,False,True,0.01,,5,2000,5,False,[15],256,256,50,0.0001,,,True,0.5,50000.0,250,42,0.005,1000,,medium,99,Fusion,True,0.001,256,7,0.001,,True,5,10,0.2,5,0.001,0.001,42,"[0, 0.001, 0.0003]","[1, 5]","[0.001, 0.0003]",/home/ubuntu/fortzl/NeoRL2/benchmark/tune_Fusion_domain_lastmodel_modelbased_rambo_mobile,rambo,/home/ubuntu/fortzl/NeoRL2/benchmark/tune_Fusion_domain_lastmodel_modelbased_rambo_mobile/.aim/dynamics_model/c6be4ffa0b25410a9e77eecd/dynamics_model.pt,Fusion-rambo,42,Fusion,Fusion-rambo,rambo,Fusion,/home/ubuntu/fortzl/NeoRL2/benchmark/tune_Fusion_domain_lastmodel_modelbased_rambo_mobile,/home/ubuntu/fortzl/NeoRL2/benchmark/tune_Fusion_domain_lastmodel_modelbased_rambo_mobile/.aim/dynamics_model/c6be4ffa0b25410a9e77eecd/dynamics_model.pt,42,discrete,"[0, 0.0003]",discrete,"[1, 2, 5]",discrete,"[0.05, 0.1, 0.2]"
76b27_00011,-209.218597479105,1.3546463410947984,100.0,0.0,-148.09140014648438,3.3907833099365234,3.393685340881348,0.7012943625450134,0.0521438792347908,-65.30840511703491,-65.3068957862854,-5.030859866380691,2.0745210349559784e-10,50.51071496582031,/home/ubuntu/fortzl/NeoRL2/benchmark/tune_Fusion_domain_lastmodel_modelbased_rambo_mobile/.aim/models/5246887b8da149a99ab4888a/policy.pt,1717033265,,True,1,2024-05-30_09-41-05,56352.618374586105,56352.618374586105,4860,common-fc7a7ixb,10.244.2.10,56352.618374586105,1,"11_adv_weight=0.0003,horizon=5,seed=42,transition_adv_lr=0.0010",,[6],0.0001,256,5,1000,0.0003,/home/ubuntu/fortzl/NeoRL2/benchmark/tune_Fusion_domain_lastmodel_modelbased_rambo_mobile,rambo,0.0001,0.2,0.0003,cuda,0.99,"[200, 200, 200, 200]",/home/ubuntu/fortzl/NeoRL2/benchmark/tune_Fusion_domain_lastmodel_modelbased_rambo_mobile/.aim/dynamics_model/c6be4ffa0b25410a9e77eecd/dynamics_model.pt,,1000,"[2.5e-05, 5e-05, 7.5e-05, 7.5e-05, 0.0001]",10,Fusion-rambo,"[256, 256]",5,False,True,0.01,,5,2000,5,False,[15],256,256,50,0.0001,,,True,0.5,50000.0,250,42,0.005,1000,,medium,99,Fusion,True,0.001,256,7,0.001,,True,5,10,0.2,5,0.001,0.0003,42,"[0, 0.001, 0.0003]","[1, 5]","[0.001, 0.0003]",/home/ubuntu/fortzl/NeoRL2/benchmark/tune_Fusion_domain_lastmodel_modelbased_rambo_mobile,rambo,/home/ubuntu/fortzl/NeoRL2/benchmark/tune_Fusion_domain_lastmodel_modelbased_rambo_mobile/.aim/dynamics_model/c6be4ffa0b25410a9e77eecd/dynamics_model.pt,Fusion-rambo,42,Fusion,Fusion-rambo,rambo,Fusion,/home/ubuntu/fortzl/NeoRL2/benchmark/tune_Fusion_domain_lastmodel_modelbased_rambo_mobile,/home/ubuntu/fortzl/NeoRL2/benchmark/tune_Fusion_domain_lastmodel_modelbased_rambo_mobile/.aim/dynamics_model/c6be4ffa0b25410a9e77eecd/dynamics_model.pt,42,discrete,"[0, 0.0003]",discrete,"[1, 2, 5]",discrete,"[0.05, 0.1, 0.2]"
76b27_00012,23.96005413303365,6.450451526810194,100.0,0.0,-3.600231885910034,0.1873588562011718,0.1908258199691772,-0.2641355395317077,0.0655849277973175,-77.8286809463501,-77.8286809463501,0.7525581523776055,-7.683411240577698e-11,73.51699266052246,/home/ubuntu/fortzl/NeoRL2/benchmark/tune_Fusion_domain_lastmodel_modelbased_rambo_mobile/.aim/models/1257da904bc8410d869928b7/policy.pt,1717027072,,True,1,2024-05-30_07-57-52,50158.15008091927,50158.15008091927,4909,common-fc7a7ixb,10.244.2.10,50158.15008091927,1,"12_adv_weight=0,horizon=1,seed=210,transition_adv_lr=0.0010",,[6],0.0001,256,5,1000,0.0,/home/ubuntu/fortzl/NeoRL2/benchmark/tune_Fusion_domain_lastmodel_modelbased_rambo_mobile,rambo,0.0001,0.2,0.0003,cuda,0.99,"[200, 200, 200, 200]",/home/ubuntu/fortzl/NeoRL2/benchmark/tune_Fusion_domain_lastmodel_modelbased_rambo_mobile/.aim/dynamics_model/c6be4ffa0b25410a9e77eecd/dynamics_model.pt,,1000,"[2.5e-05, 5e-05, 7.5e-05, 7.5e-05, 0.0001]",10,Fusion-rambo,"[256, 256]",1,False,True,0.01,,5,2000,5,False,[15],256,256,50,0.0001,,,True,0.5,50000.0,250,210,0.005,1000,,medium,99,Fusion,True,0.001,256,7,0.001,,True,5,10,0.2,1,0.001,0.0,210,"[0, 0.001, 0.0003]","[1, 5]","[0.001, 0.0003]",/home/ubuntu/fortzl/NeoRL2/benchmark/tune_Fusion_domain_lastmodel_modelbased_rambo_mobile,rambo,/home/ubuntu/fortzl/NeoRL2/benchmark/tune_Fusion_domain_lastmodel_modelbased_rambo_mobile/.aim/dynamics_model/c6be4ffa0b25410a9e77eecd/dynamics_model.pt,Fusion-rambo,210,Fusion,Fusion-rambo,rambo,Fusion,/home/ubuntu/fortzl/NeoRL2/benchmark/tune_Fusion_domain_lastmodel_modelbased_rambo_mobile,/home/ubuntu/fortzl/NeoRL2/benchmark/tune_Fusion_domain_lastmodel_modelbased_rambo_mobile/.aim/dynamics_model/c6be4ffa0b25410a9e77eecd/dynamics_model.pt,210,discrete,"[0, 0.0003]",discrete,"[1, 2, 5]",discrete,"[0.05, 0.1, 0.2]"
76b27_00013,23.100482069585624,6.192522968898439,100.0,0.0,36.11333465576172,0.4694714844226837,0.4970311224460602,-0.465291291475296,0.0699132978916168,-64.35639558029175,-64.36166868329047,5.273137981653213,8.987262845039368e-11,54.07676410293579,/home/ubuntu/fortzl/NeoRL2/benchmark/tune_Fusion_domain_lastmodel_modelbased_rambo_mobile/.aim/models/89371069d2704b6ebd01023e/policy.pt,1717026537,,True,1,2024-05-30_07-48-57,49624.00454330444,49624.00454330444,4910,common-fc7a7ixb,10.244.2.10,49624.00454330444,1,"13_adv_weight=0.0010,horizon=1,seed=210,transition_adv_lr=0.0010",,[6],0.0001,256,5,1000,0.001,/home/ubuntu/fortzl/NeoRL2/benchmark/tune_Fusion_domain_lastmodel_modelbased_rambo_mobile,rambo,0.0001,0.2,0.0003,cuda,0.99,"[200, 200, 200, 200]",/home/ubuntu/fortzl/NeoRL2/benchmark/tune_Fusion_domain_lastmodel_modelbased_rambo_mobile/.aim/dynamics_model/c6be4ffa0b25410a9e77eecd/dynamics_model.pt,,1000,"[2.5e-05, 5e-05, 7.5e-05, 7.5e-05, 0.0001]",10,Fusion-rambo,"[256, 256]",1,False,True,0.01,,5,2000,5,False,[15],256,256,50,0.0001,,,True,0.5,50000.0,250,210,0.005,1000,,medium,99,Fusion,True,0.001,256,7,0.001,,True,5,10,0.2,1,0.001,0.001,210,"[0, 0.001, 0.0003]","[1, 5]","[0.001, 0.0003]",/home/ubuntu/fortzl/NeoRL2/benchmark/tune_Fusion_domain_lastmodel_modelbased_rambo_mobile,rambo,/home/ubuntu/fortzl/NeoRL2/benchmark/tune_Fusion_domain_lastmodel_modelbased_rambo_mobile/.aim/dynamics_model/c6be4ffa0b25410a9e77eecd/dynamics_model.pt,Fusion-rambo,210,Fusion,Fusion-rambo,rambo,Fusion,/home/ubuntu/fortzl/NeoRL2/benchmark/tune_Fusion_domain_lastmodel_modelbased_rambo_mobile,/home/ubuntu/fortzl/NeoRL2/benchmark/tune_Fusion_domain_lastmodel_modelbased_rambo_mobile/.aim/dynamics_model/c6be4ffa0b25410a9e77eecd/dynamics_model.pt,210,discrete,"[0, 0.0003]",discrete,"[1, 2, 5]",discrete,"[0.05, 0.1, 0.2]"
76b27_00014,23.006373628024225,6.259074229222362,100.0,0.0,-4.293361186981201,0.1955022513866424,0.1988188624382019,-0.3135872483253479,0.0642719268798828,-78.52031860160828,-78.52050904846192,0.6349124049246311,-4.0256418287754056e-10,73.82590582275391,/home/ubuntu/fortzl/NeoRL2/benchmark/tune_Fusion_domain_lastmodel_modelbased_rambo_mobile/.aim/models/7d4cc0bb2dad4306b462b6c7/policy.pt,1717027584,,True,1,2024-05-30_08-06-24,50670.60866618157,50670.60866618157,4911,common-fc7a7ixb,10.244.2.10,50670.60866618157,1,"14_adv_weight=0.0003,horizon=1,seed=210,transition_adv_lr=0.0010",,[6],0.0001,256,5,1000,0.0003,/home/ubuntu/fortzl/NeoRL2/benchmark/tune_Fusion_domain_lastmodel_modelbased_rambo_mobile,rambo,0.0001,0.2,0.0003,cuda,0.99,"[200, 200, 200, 200]",/home/ubuntu/fortzl/NeoRL2/benchmark/tune_Fusion_domain_lastmodel_modelbased_rambo_mobile/.aim/dynamics_model/c6be4ffa0b25410a9e77eecd/dynamics_model.pt,,1000,"[2.5e-05, 5e-05, 7.5e-05, 7.5e-05, 0.0001]",10,Fusion-rambo,"[256, 256]",1,False,True,0.01,,5,2000,5,False,[15],256,256,50,0.0001,,,True,0.5,50000.0,250,210,0.005,1000,,medium,99,Fusion,True,0.001,256,7,0.001,,True,5,10,0.2,1,0.001,0.0003,210,"[0, 0.001, 0.0003]","[1, 5]","[0.001, 0.0003]",/home/ubuntu/fortzl/NeoRL2/benchmark/tune_Fusion_domain_lastmodel_modelbased_rambo_mobile,rambo,/home/ubuntu/fortzl/NeoRL2/benchmark/tune_Fusion_domain_lastmodel_modelbased_rambo_mobile/.aim/dynamics_model/c6be4ffa0b25410a9e77eecd/dynamics_model.pt,Fusion-rambo,210,Fusion,Fusion-rambo,rambo,Fusion,/home/ubuntu/fortzl/NeoRL2/benchmark/tune_Fusion_domain_lastmodel_modelbased_rambo_mobile,/home/ubuntu/fortzl/NeoRL2/benchmark/tune_Fusion_domain_lastmodel_modelbased_rambo_mobile/.aim/dynamics_model/c6be4ffa0b25410a9e77eecd/dynamics_model.pt,210,discrete,"[0, 0.0003]",discrete,"[1, 2, 5]",discrete,"[0.05, 0.1, 0.2]"
76b27_00015,-202.4974496551752,1.675364596127206,100.0,0.0,-319.51202392578125,1.5920583009719849,1.6067390441894531,0.2746520638465881,0.0507142394781112,-80.0717756075859,-80.0717756075859,1.05498274615407,-4.1001476347446434e-10,65.42892766952515,/home/ubuntu/fortzl/NeoRL2/benchmark/tune_Fusion_domain_lastmodel_modelbased_rambo_mobile/.aim/models/89d8b55e7e42485e86d6f63d/policy.pt,1717081640,,True,1,2024-05-30_23-07-20,56145.58199596405,56145.58199596405,20054,common-fc7a7ixb,10.244.2.10,56145.58199596405,1,"15_adv_weight=0,horizon=5,seed=210,transition_adv_lr=0.0010",,[6],0.0001,256,5,1000,0.0,/home/ubuntu/fortzl/NeoRL2/benchmark/tune_Fusion_domain_lastmodel_modelbased_rambo_mobile,rambo,0.0001,0.2,0.0003,cuda,0.99,"[200, 200, 200, 200]",/home/ubuntu/fortzl/NeoRL2/benchmark/tune_Fusion_domain_lastmodel_modelbased_rambo_mobile/.aim/dynamics_model/c6be4ffa0b25410a9e77eecd/dynamics_model.pt,,1000,"[2.5e-05, 5e-05, 7.5e-05, 7.5e-05, 0.0001]",10,Fusion-rambo,"[256, 256]",5,False,True,0.01,,5,2000,5,False,[15],256,256,50,0.0001,,,True,0.5,50000.0,250,210,0.005,1000,,medium,99,Fusion,True,0.001,256,7,0.001,,True,5,10,0.2,5,0.001,0.0,210,"[0, 0.001, 0.0003]","[1, 5]","[0.001, 0.0003]",/home/ubuntu/fortzl/NeoRL2/benchmark/tune_Fusion_domain_lastmodel_modelbased_rambo_mobile,rambo,/home/ubuntu/fortzl/NeoRL2/benchmark/tune_Fusion_domain_lastmodel_modelbased_rambo_mobile/.aim/dynamics_model/c6be4ffa0b25410a9e77eecd/dynamics_model.pt,Fusion-rambo,210,Fusion,Fusion-rambo,rambo,Fusion,/home/ubuntu/fortzl/NeoRL2/benchmark/tune_Fusion_domain_lastmodel_modelbased_rambo_mobile,/home/ubuntu/fortzl/NeoRL2/benchmark/tune_Fusion_domain_lastmodel_modelbased_rambo_mobile/.aim/dynamics_model/c6be4ffa0b25410a9e77eecd/dynamics_model.pt,210,discrete,"[0, 0.0003]",discrete,"[1, 2, 5]",discrete,"[0.05, 0.1, 0.2]"
76b27_00016,-175.6507955106497,1.6379303698191323,100.0,0.0,-157.75123596191406,3.720926284790039,3.758732795715332,-0.0464496910572052,0.0189964994788169,-42.45495797348023,-42.449715215682986,-5.242853118181229,2.3609027266502375e-10,28.538376850128174,/home/ubuntu/fortzl/NeoRL2/benchmark/tune_Fusion_domain_lastmodel_modelbased_rambo_mobile/.aim/models/8a4ca59b0f9c4eb19bb9fe6c/policy.pt,1717082003,,True,1,2024-05-30_23-13-23,56227.50546216965,56227.50546216965,20309,common-fc7a7ixb,10.244.2.10,56227.50546216965,1,"16_adv_weight=0.0010,horizon=5,seed=210,transition_adv_lr=0.0010",,[6],0.0001,256,5,1000,0.001,/home/ubuntu/fortzl/NeoRL2/benchmark/tune_Fusion_domain_lastmodel_modelbased_rambo_mobile,rambo,0.0001,0.2,0.0003,cuda,0.99,"[200, 200, 200, 200]",/home/ubuntu/fortzl/NeoRL2/benchmark/tune_Fusion_domain_lastmodel_modelbased_rambo_mobile/.aim/dynamics_model/c6be4ffa0b25410a9e77eecd/dynamics_model.pt,,1000,"[2.5e-05, 5e-05, 7.5e-05, 7.5e-05, 0.0001]",10,Fusion-rambo,"[256, 256]",5,False,True,0.01,,5,2000,5,False,[15],256,256,50,0.0001,,,True,0.5,50000.0,250,210,0.005,1000,,medium,99,Fusion,True,0.001,256,7,0.001,,True,5,10,0.2,5,0.001,0.001,210,"[0, 0.001, 0.0003]","[1, 5]","[0.001, 0.0003]",/home/ubuntu/fortzl/NeoRL2/benchmark/tune_Fusion_domain_lastmodel_modelbased_rambo_mobile,rambo,/home/ubuntu/fortzl/NeoRL2/benchmark/tune_Fusion_domain_lastmodel_modelbased_rambo_mobile/.aim/dynamics_model/c6be4ffa0b25410a9e77eecd/dynamics_model.pt,Fusion-rambo,210,Fusion,Fusion-rambo,rambo,Fusion,/home/ubuntu/fortzl/NeoRL2/benchmark/tune_Fusion_domain_lastmodel_modelbased_rambo_mobile,/home/ubuntu/fortzl/NeoRL2/benchmark/tune_Fusion_domain_lastmodel_modelbased_rambo_mobile/.aim/dynamics_model/c6be4ffa0b25410a9e77eecd/dynamics_model.pt,210,discrete,"[0, 0.0003]",discrete,"[1, 2, 5]",discrete,"[0.05, 0.1, 0.2]"
76b27_00017,-224.41075616323948,1.2235227328056852,100.0,0.0,-284.1561279296875,1.5073872804641724,1.4440295696258545,0.4160780012607574,0.0389349944889545,-67.65656419372559,-67.65589929580689,-2.2163630439043045,-6.996560841798781e-10,49.98496767044068,/home/ubuntu/fortzl/NeoRL2/benchmark/tune_Fusion_domain_lastmodel_modelbased_rambo_mobile/.aim/models/5ec8762e74e84a9c81cdd569/policy.pt,1717081117,,True,1,2024-05-30_22-58-37,55179.9903819561,55179.9903819561,20562,common-fc7a7ixb,10.244.2.10,55179.9903819561,1,"17_adv_weight=0.0003,horizon=5,seed=210,transition_adv_lr=0.0010",,[6],0.0001,256,5,1000,0.0003,/home/ubuntu/fortzl/NeoRL2/benchmark/tune_Fusion_domain_lastmodel_modelbased_rambo_mobile,rambo,0.0001,0.2,0.0003,cuda,0.99,"[200, 200, 200, 200]",/home/ubuntu/fortzl/NeoRL2/benchmark/tune_Fusion_domain_lastmodel_modelbased_rambo_mobile/.aim/dynamics_model/c6be4ffa0b25410a9e77eecd/dynamics_model.pt,,1000,"[2.5e-05, 5e-05, 7.5e-05, 7.5e-05, 0.0001]",10,Fusion-rambo,"[256, 256]",5,False,True,0.01,,5,2000,5,False,[15],256,256,50,0.0001,,,True,0.5,50000.0,250,210,0.005,1000,,medium,99,Fusion,True,0.001,256,7,0.001,,True,5,10,0.2,5,0.001,0.0003,210,"[0, 0.001, 0.0003]","[1, 5]","[0.001, 0.0003]",/home/ubuntu/fortzl/NeoRL2/benchmark/tune_Fusion_domain_lastmodel_modelbased_rambo_mobile,rambo,/home/ubuntu/fortzl/NeoRL2/benchmark/tune_Fusion_domain_lastmodel_modelbased_rambo_mobile/.aim/dynamics_model/c6be4ffa0b25410a9e77eecd/dynamics_model.pt,Fusion-rambo,210,Fusion,Fusion-rambo,rambo,Fusion,/home/ubuntu/fortzl/NeoRL2/benchmark/tune_Fusion_domain_lastmodel_modelbased_rambo_mobile,/home/ubuntu/fortzl/NeoRL2/benchmark/tune_Fusion_domain_lastmodel_modelbased_rambo_mobile/.aim/dynamics_model/c6be4ffa0b25410a9e77eecd/dynamics_model.pt,210,discrete,"[0, 0.0003]",discrete,"[1, 2, 5]",discrete,"[0.05, 0.1, 0.2]"
76b27_00018,1.8009234452059104,5.720317428675213,100.0,0.0,-11.836837768554688,0.3914834260940552,0.3906044960021972,-0.0613619536161422,0.0771512389183044,-88.40629303741456,-88.40629303741456,1.2778114384263757,4.903413355350493e-10,84.0648620300293,/home/ubuntu/fortzl/NeoRL2/benchmark/tune_Fusion_domain_lastmodel_modelbased_rambo_mobile/.aim/models/f96cf55036104c3eacdbfe15/policy.pt,1717075144,,True,1,2024-05-30_21-19-04,48785.80521464348,48785.80521464348,20819,common-fc7a7ixb,10.244.2.10,48785.80521464348,1,"18_adv_weight=0,horizon=1,seed=7,transition_adv_lr=0.0003",,[6],0.0001,256,5,1000,0.0,/home/ubuntu/fortzl/NeoRL2/benchmark/tune_Fusion_domain_lastmodel_modelbased_rambo_mobile,rambo,0.0001,0.2,0.0003,cuda,0.99,"[200, 200, 200, 200]",/home/ubuntu/fortzl/NeoRL2/benchmark/tune_Fusion_domain_lastmodel_modelbased_rambo_mobile/.aim/dynamics_model/c6be4ffa0b25410a9e77eecd/dynamics_model.pt,,1000,"[2.5e-05, 5e-05, 7.5e-05, 7.5e-05, 0.0001]",10,Fusion-rambo,"[256, 256]",1,False,True,0.01,,5,2000,5,False,[15],256,256,50,0.0001,,,True,0.5,50000.0,250,7,0.005,1000,,medium,99,Fusion,True,0.0003,256,7,0.001,,True,5,10,0.2,1,0.0003,0.0,7,"[0, 0.001, 0.0003]","[1, 5]","[0.001, 0.0003]",/home/ubuntu/fortzl/NeoRL2/benchmark/tune_Fusion_domain_lastmodel_modelbased_rambo_mobile,rambo,/home/ubuntu/fortzl/NeoRL2/benchmark/tune_Fusion_domain_lastmodel_modelbased_rambo_mobile/.aim/dynamics_model/c6be4ffa0b25410a9e77eecd/dynamics_model.pt,Fusion-rambo,7,Fusion,Fusion-rambo,rambo,Fusion,/home/ubuntu/fortzl/NeoRL2/benchmark/tune_Fusion_domain_lastmodel_modelbased_rambo_mobile,/home/ubuntu/fortzl/NeoRL2/benchmark/tune_Fusion_domain_lastmodel_modelbased_rambo_mobile/.aim/dynamics_model/c6be4ffa0b25410a9e77eecd/dynamics_model.pt,7,discrete,"[0, 0.0003]",discrete,"[1, 2, 5]",discrete,"[0.05, 0.1, 0.2]"
76b27_00019,6.663061065390548,5.6932248310935,100.0,0.0,-22.483423233032227,0.1856577098369598,0.1816615164279937,0.0827372670173645,0.0627234727144241,-88.41225347900391,-88.41379679870606,1.543360459804535,3.7997961044311516e-10,84.02997093963623,/home/ubuntu/fortzl/NeoRL2/benchmark/tune_Fusion_domain_lastmodel_modelbased_rambo_mobile/.aim/models/69216ea54df4427180947600/policy.pt,1717076068,,True,1,2024-05-30_21-34-28,49526.59132385254,49526.59132385254,21072,common-fc7a7ixb,10.244.2.10,49526.59132385254,1,"19_adv_weight=0.0010,horizon=1,seed=7,transition_adv_lr=0.0003",,[6],0.0001,256,5,1000,0.001,/home/ubuntu/fortzl/NeoRL2/benchmark/tune_Fusion_domain_lastmodel_modelbased_rambo_mobile,rambo,0.0001,0.2,0.0003,cuda,0.99,"[200, 200, 200, 200]",/home/ubuntu/fortzl/NeoRL2/benchmark/tune_Fusion_domain_lastmodel_modelbased_rambo_mobile/.aim/dynamics_model/c6be4ffa0b25410a9e77eecd/dynamics_model.pt,,1000,"[2.5e-05, 5e-05, 7.5e-05, 7.5e-05, 0.0001]",10,Fusion-rambo,"[256, 256]",1,False,True,0.01,,5,2000,5,False,[15],256,256,50,0.0001,,,True,0.5,50000.0,250,7,0.005,1000,,medium,99,Fusion,True,0.0003,256,7,0.001,,True,5,10,0.2,1,0.0003,0.001,7,"[0, 0.001, 0.0003]","[1, 5]","[0.001, 0.0003]",/home/ubuntu/fortzl/NeoRL2/benchmark/tune_Fusion_domain_lastmodel_modelbased_rambo_mobile,rambo,/home/ubuntu/fortzl/NeoRL2/benchmark/tune_Fusion_domain_lastmodel_modelbased_rambo_mobile/.aim/dynamics_model/c6be4ffa0b25410a9e77eecd/dynamics_model.pt,Fusion-rambo,7,Fusion,Fusion-rambo,rambo,Fusion,/home/ubuntu/fortzl/NeoRL2/benchmark/tune_Fusion_domain_lastmodel_modelbased_rambo_mobile,/home/ubuntu/fortzl/NeoRL2/benchmark/tune_Fusion_domain_lastmodel_modelbased_rambo_mobile/.aim/dynamics_model/c6be4ffa0b25410a9e77eecd/dynamics_model.pt,7,discrete,"[0, 0.0003]",discrete,"[1, 2, 5]",discrete,"[0.05, 0.1, 0.2]"
76b27_00020,0.9430135271846722,5.804717762685625,100.0,0.0,-29.52928733825684,0.2338659465312957,0.2409901022911071,0.0956266224384307,0.0671119168400764,-88.36721439361573,-88.36749048614502,0.920336454898119,8.521601557731628e-10,83.79605947113038,/home/ubuntu/fortzl/NeoRL2/benchmark/tune_Fusion_domain_lastmodel_modelbased_rambo_mobile/.aim/models/9368e066d924454cb1efa2b2/policy.pt,1717075838,,True,1,2024-05-30_21-30-38,49256.060205221176,49256.060205221176,21322,common-fc7a7ixb,10.244.2.10,49256.060205221176,1,"20_adv_weight=0.0003,horizon=1,seed=7,transition_adv_lr=0.0003",,[6],0.0001,256,5,1000,0.0003,/home/ubuntu/fortzl/NeoRL2/benchmark/tune_Fusion_domain_lastmodel_modelbased_rambo_mobile,rambo,0.0001,0.2,0.0003,cuda,0.99,"[200, 200, 200, 200]",/home/ubuntu/fortzl/NeoRL2/benchmark/tune_Fusion_domain_lastmodel_modelbased_rambo_mobile/.aim/dynamics_model/c6be4ffa0b25410a9e77eecd/dynamics_model.pt,,1000,"[2.5e-05, 5e-05, 7.5e-05, 7.5e-05, 0.0001]",10,Fusion-rambo,"[256, 256]",1,False,True,0.01,,5,2000,5,False,[15],256,256,50,0.0001,,,True,0.5,50000.0,250,7,0.005,1000,,medium,99,Fusion,True,0.0003,256,7,0.001,,True,5,10,0.2,1,0.0003,0.0003,7,"[0, 0.001, 0.0003]","[1, 5]","[0.001, 0.0003]",/home/ubuntu/fortzl/NeoRL2/benchmark/tune_Fusion_domain_lastmodel_modelbased_rambo_mobile,rambo,/home/ubuntu/fortzl/NeoRL2/benchmark/tune_Fusion_domain_lastmodel_modelbased_rambo_mobile/.aim/dynamics_model/c6be4ffa0b25410a9e77eecd/dynamics_model.pt,Fusion-rambo,7,Fusion,Fusion-rambo,rambo,Fusion,/home/ubuntu/fortzl/NeoRL2/benchmark/tune_Fusion_domain_lastmodel_modelbased_rambo_mobile,/home/ubuntu/fortzl/NeoRL2/benchmark/tune_Fusion_domain_lastmodel_modelbased_rambo_mobile/.aim/dynamics_model/c6be4ffa0b25410a9e77eecd/dynamics_model.pt,7,discrete,"[0, 0.0003]",discrete,"[1, 2, 5]",discrete,"[0.05, 0.1, 0.2]"
76b27_00021,-9.08159009473468,5.076745011260347,100.0,0.0,-93.18730926513672,0.4183828234672546,0.420891523361206,0.1262920647859573,0.0607086196541786,-88.30897959899902,-88.30897959899902,0.6422330550402403,8.603092283010481e-10,84.10309488677979,/home/ubuntu/fortzl/NeoRL2/benchmark/tune_Fusion_domain_lastmodel_modelbased_rambo_mobile/.aim/models/05c275a4615f4110bcbbc575/policy.pt,1717082031,,True,1,2024-05-30_23-13-51,54954.16788625717,54954.16788625717,21581,common-fc7a7ixb,10.244.2.10,54954.16788625717,1,"21_adv_weight=0,horizon=5,seed=7,transition_adv_lr=0.0003",,[6],0.0001,256,5,1000,0.0,/home/ubuntu/fortzl/NeoRL2/benchmark/tune_Fusion_domain_lastmodel_modelbased_rambo_mobile,rambo,0.0001,0.2,0.0003,cuda,0.99,"[200, 200, 200, 200]",/home/ubuntu/fortzl/NeoRL2/benchmark/tune_Fusion_domain_lastmodel_modelbased_rambo_mobile/.aim/dynamics_model/c6be4ffa0b25410a9e77eecd/dynamics_model.pt,,1000,"[2.5e-05, 5e-05, 7.5e-05, 7.5e-05, 0.0001]",10,Fusion-rambo,"[256, 256]",5,False,True,0.01,,5,2000,5,False,[15],256,256,50,0.0001,,,True,0.5,50000.0,250,7,0.005,1000,,medium,99,Fusion,True,0.0003,256,7,0.001,,True,5,10,0.2,5,0.0003,0.0,7,"[0, 0.001, 0.0003]","[1, 5]","[0.001, 0.0003]",/home/ubuntu/fortzl/NeoRL2/benchmark/tune_Fusion_domain_lastmodel_modelbased_rambo_mobile,rambo,/home/ubuntu/fortzl/NeoRL2/benchmark/tune_Fusion_domain_lastmodel_modelbased_rambo_mobile/.aim/dynamics_model/c6be4ffa0b25410a9e77eecd/dynamics_model.pt,Fusion-rambo,7,Fusion,Fusion-rambo,rambo,Fusion,/home/ubuntu/fortzl/NeoRL2/benchmark/tune_Fusion_domain_lastmodel_modelbased_rambo_mobile,/home/ubuntu/fortzl/NeoRL2/benchmark/tune_Fusion_domain_lastmodel_modelbased_rambo_mobile/.aim/dynamics_model/c6be4ffa0b25410a9e77eecd/dynamics_model.pt,7,discrete,"[0, 0.0003]",discrete,"[1, 2, 5]",discrete,"[0.05, 0.1, 0.2]"
76b27_00022,11.044318511717565,5.370331091430836,100.0,0.0,-65.20934295654297,0.2439047992229461,0.241543635725975,-0.1993445754051208,0.0488238297402858,-88.25374392700195,-88.25495993041991,1.2159550223350526,-8.959323167800902e-10,84.56686791229248,/home/ubuntu/fortzl/NeoRL2/benchmark/tune_Fusion_domain_lastmodel_modelbased_rambo_mobile/.aim/models/59d9fb42b6954df28ee9c4f9/policy.pt,1717082458,,True,1,2024-05-30_23-20-58,54874.68947005272,54874.68947005272,21839,common-fc7a7ixb,10.244.2.10,54874.68947005272,1,"22_adv_weight=0.0010,horizon=5,seed=7,transition_adv_lr=0.0003",,[6],0.0001,256,5,1000,0.001,/home/ubuntu/fortzl/NeoRL2/benchmark/tune_Fusion_domain_lastmodel_modelbased_rambo_mobile,rambo,0.0001,0.2,0.0003,cuda,0.99,"[200, 200, 200, 200]",/home/ubuntu/fortzl/NeoRL2/benchmark/tune_Fusion_domain_lastmodel_modelbased_rambo_mobile/.aim/dynamics_model/c6be4ffa0b25410a9e77eecd/dynamics_model.pt,,1000,"[2.5e-05, 5e-05, 7.5e-05, 7.5e-05, 0.0001]",10,Fusion-rambo,"[256, 256]",5,False,True,0.01,,5,2000,5,False,[15],256,256,50,0.0001,,,True,0.5,50000.0,250,7,0.005,1000,,medium,99,Fusion,True,0.0003,256,7,0.001,,True,5,10,0.2,5,0.0003,0.001,7,"[0, 0.001, 0.0003]","[1, 5]","[0.001, 0.0003]",/home/ubuntu/fortzl/NeoRL2/benchmark/tune_Fusion_domain_lastmodel_modelbased_rambo_mobile,rambo,/home/ubuntu/fortzl/NeoRL2/benchmark/tune_Fusion_domain_lastmodel_modelbased_rambo_mobile/.aim/dynamics_model/c6be4ffa0b25410a9e77eecd/dynamics_model.pt,Fusion-rambo,7,Fusion,Fusion-rambo,rambo,Fusion,/home/ubuntu/fortzl/NeoRL2/benchmark/tune_Fusion_domain_lastmodel_modelbased_rambo_mobile,/home/ubuntu/fortzl/NeoRL2/benchmark/tune_Fusion_domain_lastmodel_modelbased_rambo_mobile/.aim/dynamics_model/c6be4ffa0b25410a9e77eecd/dynamics_model.pt,7,discrete,"[0, 0.0003]",discrete,"[1, 2, 5]",discrete,"[0.05, 0.1, 0.2]"
76b27_00023,-0.1037399805940108,5.245367401699962,100.0,0.0,-78.290771484375,0.3460327386856079,0.35655677318573,-0.1471713334321975,0.0553984194993972,-88.22468463134766,-88.22493617248536,0.8387453500330448,2.0442530512809756e-10,84.46336573791504,/home/ubuntu/fortzl/NeoRL2/benchmark/tune_Fusion_domain_lastmodel_modelbased_rambo_mobile/.aim/models/09a7103e542a4b7a82667c87/policy.pt,1717082343,,True,1,2024-05-30_23-19-03,54754.25045800209,54754.25045800209,22051,common-fc7a7ixb,10.244.2.10,54754.25045800209,1,"23_adv_weight=0.0003,horizon=5,seed=7,transition_adv_lr=0.0003",,[6],0.0001,256,5,1000,0.0003,/home/ubuntu/fortzl/NeoRL2/benchmark/tune_Fusion_domain_lastmodel_modelbased_rambo_mobile,rambo,0.0001,0.2,0.0003,cuda,0.99,"[200, 200, 200, 200]",/home/ubuntu/fortzl/NeoRL2/benchmark/tune_Fusion_domain_lastmodel_modelbased_rambo_mobile/.aim/dynamics_model/c6be4ffa0b25410a9e77eecd/dynamics_model.pt,,1000,"[2.5e-05, 5e-05, 7.5e-05, 7.5e-05, 0.0001]",10,Fusion-rambo,"[256, 256]",5,False,True,0.01,,5,2000,5,False,[15],256,256,50,0.0001,,,True,0.5,50000.0,250,7,0.005,1000,,medium,99,Fusion,True,0.0003,256,7,0.001,,True,5,10,0.2,5,0.0003,0.0003,7,"[0, 0.001, 0.0003]","[1, 5]","[0.001, 0.0003]",/home/ubuntu/fortzl/NeoRL2/benchmark/tune_Fusion_domain_lastmodel_modelbased_rambo_mobile,rambo,/home/ubuntu/fortzl/NeoRL2/benchmark/tune_Fusion_domain_lastmodel_modelbased_rambo_mobile/.aim/dynamics_model/c6be4ffa0b25410a9e77eecd/dynamics_model.pt,Fusion-rambo,7,Fusion,Fusion-rambo,rambo,Fusion,/home/ubuntu/fortzl/NeoRL2/benchmark/tune_Fusion_domain_lastmodel_modelbased_rambo_mobile,/home/ubuntu/fortzl/NeoRL2/benchmark/tune_Fusion_domain_lastmodel_modelbased_rambo_mobile/.aim/dynamics_model/c6be4ffa0b25410a9e77eecd/dynamics_model.pt,7,discrete,"[0, 0.0003]",discrete,"[1, 2, 5]",discrete,"[0.05, 0.1, 0.2]"
76b27_00024,0.6827945162392236,5.95374012183256,100.0,0.0,-12.096044540405272,0.3814573884010315,0.4329790472984314,0.3198924660682678,0.0831142589449882,-88.37917561340332,-88.37917561340332,0.8849568005800247,7.660128176212311e-11,84.57351999664307,/home/ubuntu/fortzl/NeoRL2/benchmark/tune_Fusion_domain_lastmodel_modelbased_rambo_mobile/.aim/models/2bcb3db6250c4319ba1e2cc0/policy.pt,1717081665,,True,1,2024-05-30_23-07-45,49854.83540511131,49854.83540511131,24328,common-fc7a7ixb,10.244.2.10,49854.83540511131,1,"24_adv_weight=0,horizon=1,seed=42,transition_adv_lr=0.0003",,[6],0.0001,256,5,1000,0.0,/home/ubuntu/fortzl/NeoRL2/benchmark/tune_Fusion_domain_lastmodel_modelbased_rambo_mobile,rambo,0.0001,0.2,0.0003,cuda,0.99,"[200, 200, 200, 200]",/home/ubuntu/fortzl/NeoRL2/benchmark/tune_Fusion_domain_lastmodel_modelbased_rambo_mobile/.aim/dynamics_model/c6be4ffa0b25410a9e77eecd/dynamics_model.pt,,1000,"[2.5e-05, 5e-05, 7.5e-05, 7.5e-05, 0.0001]",10,Fusion-rambo,"[256, 256]",1,False,True,0.01,,5,2000,5,False,[15],256,256,50,0.0001,,,True,0.5,50000.0,250,42,0.005,1000,,medium,99,Fusion,True,0.0003,256,7,0.001,,True,5,10,0.2,1,0.0003,0.0,42,"[0, 0.001, 0.0003]","[1, 5]","[0.001, 0.0003]",/home/ubuntu/fortzl/NeoRL2/benchmark/tune_Fusion_domain_lastmodel_modelbased_rambo_mobile,rambo,/home/ubuntu/fortzl/NeoRL2/benchmark/tune_Fusion_domain_lastmodel_modelbased_rambo_mobile/.aim/dynamics_model/c6be4ffa0b25410a9e77eecd/dynamics_model.pt,Fusion-rambo,42,Fusion,Fusion-rambo,rambo,Fusion,/home/ubuntu/fortzl/NeoRL2/benchmark/tune_Fusion_domain_lastmodel_modelbased_rambo_mobile,/home/ubuntu/fortzl/NeoRL2/benchmark/tune_Fusion_domain_lastmodel_modelbased_rambo_mobile/.aim/dynamics_model/c6be4ffa0b25410a9e77eecd/dynamics_model.pt,42,discrete,"[0, 0.0003]",discrete,"[1, 2, 5]",discrete,"[0.05, 0.1, 0.2]"
76b27_00025,12.436069639997974,5.771346617919664,100.0,0.0,-21.019466400146484,0.2167486250400543,0.2241129875183105,0.6069097518920898,0.0632119625806808,-88.43132110595702,-88.43250590515137,1.1847487930059433,5.997717380523682e-10,84.63234051513672,/home/ubuntu/fortzl/NeoRL2/benchmark/tune_Fusion_domain_lastmodel_modelbased_rambo_mobile/.aim/models/8f6bb97523cd40679ff1d3b0/policy.pt,1717081501,,True,1,2024-05-30_23-05-01,49373.36361217499,49373.36361217499,25489,common-fc7a7ixb,10.244.2.10,49373.36361217499,1,"25_adv_weight=0.0010,horizon=1,seed=42,transition_adv_lr=0.0003",,[6],0.0001,256,5,1000,0.001,/home/ubuntu/fortzl/NeoRL2/benchmark/tune_Fusion_domain_lastmodel_modelbased_rambo_mobile,rambo,0.0001,0.2,0.0003,cuda,0.99,"[200, 200, 200, 200]",/home/ubuntu/fortzl/NeoRL2/benchmark/tune_Fusion_domain_lastmodel_modelbased_rambo_mobile/.aim/dynamics_model/c6be4ffa0b25410a9e77eecd/dynamics_model.pt,,1000,"[2.5e-05, 5e-05, 7.5e-05, 7.5e-05, 0.0001]",10,Fusion-rambo,"[256, 256]",1,False,True,0.01,,5,2000,5,False,[15],256,256,50,0.0001,,,True,0.5,50000.0,250,42,0.005,1000,,medium,99,Fusion,True,0.0003,256,7,0.001,,True,5,10,0.2,1,0.0003,0.001,42,"[0, 0.001, 0.0003]","[1, 5]","[0.001, 0.0003]",/home/ubuntu/fortzl/NeoRL2/benchmark/tune_Fusion_domain_lastmodel_modelbased_rambo_mobile,rambo,/home/ubuntu/fortzl/NeoRL2/benchmark/tune_Fusion_domain_lastmodel_modelbased_rambo_mobile/.aim/dynamics_model/c6be4ffa0b25410a9e77eecd/dynamics_model.pt,Fusion-rambo,42,Fusion,Fusion-rambo,rambo,Fusion,/home/ubuntu/fortzl/NeoRL2/benchmark/tune_Fusion_domain_lastmodel_modelbased_rambo_mobile,/home/ubuntu/fortzl/NeoRL2/benchmark/tune_Fusion_domain_lastmodel_modelbased_rambo_mobile/.aim/dynamics_model/c6be4ffa0b25410a9e77eecd/dynamics_model.pt,42,discrete,"[0, 0.0003]",discrete,"[1, 2, 5]",discrete,"[0.05, 0.1, 0.2]"
76b27_00026,1.3803316683591256,5.665660434514724,100.0,0.0,-14.058505058288574,0.2920533418655395,0.3571897447109222,0.4693867564201355,0.079048253595829,-88.3613737487793,-88.36167916107178,1.0181720812022683,1.1334195733070372e-09,84.36419715881348,/home/ubuntu/fortzl/NeoRL2/benchmark/tune_Fusion_domain_lastmodel_modelbased_rambo_mobile/.aim/models/ce73968b79a84dcbaf5a82c5/policy.pt,1717081720,,True,1,2024-05-30_23-08-40,49054.22138309479,49054.22138309479,27282,common-fc7a7ixb,10.244.2.10,49054.22138309479,1,"26_adv_weight=0.0003,horizon=1,seed=42,transition_adv_lr=0.0003",,[6],0.0001,256,5,1000,0.0003,/home/ubuntu/fortzl/NeoRL2/benchmark/tune_Fusion_domain_lastmodel_modelbased_rambo_mobile,rambo,0.0001,0.2,0.0003,cuda,0.99,"[200, 200, 200, 200]",/home/ubuntu/fortzl/NeoRL2/benchmark/tune_Fusion_domain_lastmodel_modelbased_rambo_mobile/.aim/dynamics_model/c6be4ffa0b25410a9e77eecd/dynamics_model.pt,,1000,"[2.5e-05, 5e-05, 7.5e-05, 7.5e-05, 0.0001]",10,Fusion-rambo,"[256, 256]",1,False,True,0.01,,5,2000,5,False,[15],256,256,50,0.0001,,,True,0.5,50000.0,250,42,0.005,1000,,medium,99,Fusion,True,0.0003,256,7,0.001,,True,5,10,0.2,1,0.0003,0.0003,42,"[0, 0.001, 0.0003]","[1, 5]","[0.001, 0.0003]",/home/ubuntu/fortzl/NeoRL2/benchmark/tune_Fusion_domain_lastmodel_modelbased_rambo_mobile,rambo,/home/ubuntu/fortzl/NeoRL2/benchmark/tune_Fusion_domain_lastmodel_modelbased_rambo_mobile/.aim/dynamics_model/c6be4ffa0b25410a9e77eecd/dynamics_model.pt,Fusion-rambo,42,Fusion,Fusion-rambo,rambo,Fusion,/home/ubuntu/fortzl/NeoRL2/benchmark/tune_Fusion_domain_lastmodel_modelbased_rambo_mobile,/home/ubuntu/fortzl/NeoRL2/benchmark/tune_Fusion_domain_lastmodel_modelbased_rambo_mobile/.aim/dynamics_model/c6be4ffa0b25410a9e77eecd/dynamics_model.pt,42,discrete,"[0, 0.0003]",discrete,"[1, 2, 5]",discrete,"[0.05, 0.1, 0.2]"
76b27_00027,0.2286270842830602,5.396974825304378,100.0,0.0,-91.74575805664062,0.3943733274936676,0.4188273251056671,0.4606056213378906,0.0664387941360473,-88.38311264038086,-88.38311264038086,0.6603979148268699,2.736924216151237e-10,84.36410969543456,/home/ubuntu/fortzl/NeoRL2/benchmark/tune_Fusion_domain_lastmodel_modelbased_rambo_mobile/.aim/models/f09b768acea34b9a810c891f/policy.pt,1717087608,,True,1,2024-05-31_00-46-48,54852.52201008797,54852.52201008797,27804,common-fc7a7ixb,10.244.2.10,54852.52201008797,1,"27_adv_weight=0,horizon=5,seed=42,transition_adv_lr=0.0003",,[6],0.0001,256,5,1000,0.0,/home/ubuntu/fortzl/NeoRL2/benchmark/tune_Fusion_domain_lastmodel_modelbased_rambo_mobile,rambo,0.0001,0.2,0.0003,cuda,0.99,"[200, 200, 200, 200]",/home/ubuntu/fortzl/NeoRL2/benchmark/tune_Fusion_domain_lastmodel_modelbased_rambo_mobile/.aim/dynamics_model/c6be4ffa0b25410a9e77eecd/dynamics_model.pt,,1000,"[2.5e-05, 5e-05, 7.5e-05, 7.5e-05, 0.0001]",10,Fusion-rambo,"[256, 256]",5,False,True,0.01,,5,2000,5,False,[15],256,256,50,0.0001,,,True,0.5,50000.0,250,42,0.005,1000,,medium,99,Fusion,True,0.0003,256,7,0.001,,True,5,10,0.2,5,0.0003,0.0,42,"[0, 0.001, 0.0003]","[1, 5]","[0.001, 0.0003]",/home/ubuntu/fortzl/NeoRL2/benchmark/tune_Fusion_domain_lastmodel_modelbased_rambo_mobile,rambo,/home/ubuntu/fortzl/NeoRL2/benchmark/tune_Fusion_domain_lastmodel_modelbased_rambo_mobile/.aim/dynamics_model/c6be4ffa0b25410a9e77eecd/dynamics_model.pt,Fusion-rambo,42,Fusion,Fusion-rambo,rambo,Fusion,/home/ubuntu/fortzl/NeoRL2/benchmark/tune_Fusion_domain_lastmodel_modelbased_rambo_mobile,/home/ubuntu/fortzl/NeoRL2/benchmark/tune_Fusion_domain_lastmodel_modelbased_rambo_mobile/.aim/dynamics_model/c6be4ffa0b25410a9e77eecd/dynamics_model.pt,42,discrete,"[0, 0.0003]",discrete,"[1, 2, 5]",discrete,"[0.05, 0.1, 0.2]"
76b27_00028,8.793615989537503,5.518353185146985,100.0,0.0,-70.51271057128906,0.3152044117450714,0.3081591725349426,0.5587506890296936,0.0646311342716217,-88.45793225860595,-88.45993690490722,2.004635540723801,1.4132820069789886e-10,84.41632730102539,/home/ubuntu/fortzl/NeoRL2/benchmark/tune_Fusion_domain_lastmodel_modelbased_rambo_mobile/.aim/models/6ba370dec3c2471580761cb7/policy.pt,1717088203,,True,1,2024-05-31_00-56-43,55122.91160821915,55122.91160821915,28978,common-fc7a7ixb,10.244.2.10,55122.91160821915,1,"28_adv_weight=0.0010,horizon=5,seed=42,transition_adv_lr=0.0003",,[6],0.0001,256,5,1000,0.001,/home/ubuntu/fortzl/NeoRL2/benchmark/tune_Fusion_domain_lastmodel_modelbased_rambo_mobile,rambo,0.0001,0.2,0.0003,cuda,0.99,"[200, 200, 200, 200]",/home/ubuntu/fortzl/NeoRL2/benchmark/tune_Fusion_domain_lastmodel_modelbased_rambo_mobile/.aim/dynamics_model/c6be4ffa0b25410a9e77eecd/dynamics_model.pt,,1000,"[2.5e-05, 5e-05, 7.5e-05, 7.5e-05, 0.0001]",10,Fusion-rambo,"[256, 256]",5,False,True,0.01,,5,2000,5,False,[15],256,256,50,0.0001,,,True,0.5,50000.0,250,42,0.005,1000,,medium,99,Fusion,True,0.0003,256,7,0.001,,True,5,10,0.2,5,0.0003,0.001,42,"[0, 0.001, 0.0003]","[1, 5]","[0.001, 0.0003]",/home/ubuntu/fortzl/NeoRL2/benchmark/tune_Fusion_domain_lastmodel_modelbased_rambo_mobile,rambo,/home/ubuntu/fortzl/NeoRL2/benchmark/tune_Fusion_domain_lastmodel_modelbased_rambo_mobile/.aim/dynamics_model/c6be4ffa0b25410a9e77eecd/dynamics_model.pt,Fusion-rambo,42,Fusion,Fusion-rambo,rambo,Fusion,/home/ubuntu/fortzl/NeoRL2/benchmark/tune_Fusion_domain_lastmodel_modelbased_rambo_mobile,/home/ubuntu/fortzl/NeoRL2/benchmark/tune_Fusion_domain_lastmodel_modelbased_rambo_mobile/.aim/dynamics_model/c6be4ffa0b25410a9e77eecd/dynamics_model.pt,42,discrete,"[0, 0.0003]",discrete,"[1, 2, 5]",discrete,"[0.05, 0.1, 0.2]"
76b27_00029,3.5572093024492357,5.25060387008758,100.0,0.0,-79.86499786376953,0.3509837388992309,0.3537867665290832,0.115189105272293,0.0679741725325584,-88.40951816558838,-88.40982942199707,1.0376141552627087,-8.604256436228751e-10,84.24557623291015,/home/ubuntu/fortzl/NeoRL2/benchmark/tune_Fusion_domain_lastmodel_modelbased_rambo_mobile/.aim/models/d63995d59c1e45918282dc19/policy.pt,1717089682,,True,1,2024-05-31_01-21-22,56412.85529470444,56412.85529470444,29757,common-fc7a7ixb,10.244.2.10,56412.85529470444,1,"29_adv_weight=0.0003,horizon=5,seed=42,transition_adv_lr=0.0003",,[6],0.0001,256,5,1000,0.0003,/home/ubuntu/fortzl/NeoRL2/benchmark/tune_Fusion_domain_lastmodel_modelbased_rambo_mobile,rambo,0.0001,0.2,0.0003,cuda,0.99,"[200, 200, 200, 200]",/home/ubuntu/fortzl/NeoRL2/benchmark/tune_Fusion_domain_lastmodel_modelbased_rambo_mobile/.aim/dynamics_model/c6be4ffa0b25410a9e77eecd/dynamics_model.pt,,1000,"[2.5e-05, 5e-05, 7.5e-05, 7.5e-05, 0.0001]",10,Fusion-rambo,"[256, 256]",5,False,True,0.01,,5,2000,5,False,[15],256,256,50,0.0001,,,True,0.5,50000.0,250,42,0.005,1000,,medium,99,Fusion,True,0.0003,256,7,0.001,,True,5,10,0.2,5,0.0003,0.0003,42,"[0, 0.001, 0.0003]","[1, 5]","[0.001, 0.0003]",/home/ubuntu/fortzl/NeoRL2/benchmark/tune_Fusion_domain_lastmodel_modelbased_rambo_mobile,rambo,/home/ubuntu/fortzl/NeoRL2/benchmark/tune_Fusion_domain_lastmodel_modelbased_rambo_mobile/.aim/dynamics_model/c6be4ffa0b25410a9e77eecd/dynamics_model.pt,Fusion-rambo,42,Fusion,Fusion-rambo,rambo,Fusion,/home/ubuntu/fortzl/NeoRL2/benchmark/tune_Fusion_domain_lastmodel_modelbased_rambo_mobile,/home/ubuntu/fortzl/NeoRL2/benchmark/tune_Fusion_domain_lastmodel_modelbased_rambo_mobile/.aim/dynamics_model/c6be4ffa0b25410a9e77eecd/dynamics_model.pt,42,discrete,"[0, 0.0003]",discrete,"[1, 2, 5]",discrete,"[0.05, 0.1, 0.2]"
76b27_00030,-10.039051430631996,5.057106041249918,100.0,0.0,-61.01445770263672,0.4183913171291351,0.4396430253982544,-0.2149286866188049,0.0684424191713333,-88.42392674255372,-88.42392674255372,1.2264894545078278,-7.180497050285341e-10,84.25257200622559,/home/ubuntu/fortzl/NeoRL2/benchmark/tune_Fusion_domain_lastmodel_modelbased_rambo_mobile/.aim/models/23e0bb609b7648c0b7580ba2/policy.pt,1717106838,,True,1,2024-05-31_06-07-18,31690.08546733856,31690.08546733856,119484,common-fc7a7ixb,10.244.2.10,31690.08546733856,1,"30_adv_weight=0,horizon=1,seed=210,transition_adv_lr=0.0003",,[6],0.0001,256,5,1000,0.0,/home/ubuntu/fortzl/NeoRL2/benchmark/tune_Fusion_domain_lastmodel_modelbased_rambo_mobile,rambo,0.0001,0.2,0.0003,cuda,0.99,"[200, 200, 200, 200]",/home/ubuntu/fortzl/NeoRL2/benchmark/tune_Fusion_domain_lastmodel_modelbased_rambo_mobile/.aim/dynamics_model/c6be4ffa0b25410a9e77eecd/dynamics_model.pt,,1000,"[2.5e-05, 5e-05, 7.5e-05, 7.5e-05, 0.0001]",10,Fusion-rambo,"[256, 256]",1,False,True,0.01,,5,2000,5,False,[15],256,256,50,0.0001,,,True,0.5,50000.0,250,210,0.005,1000,,medium,99,Fusion,True,0.0003,256,7,0.001,,True,5,10,0.2,1,0.0003,0.0,210,"[0, 0.001, 0.0003]","[1, 5]","[0.001, 0.0003]",/home/ubuntu/fortzl/NeoRL2/benchmark/tune_Fusion_domain_lastmodel_modelbased_rambo_mobile,rambo,/home/ubuntu/fortzl/NeoRL2/benchmark/tune_Fusion_domain_lastmodel_modelbased_rambo_mobile/.aim/dynamics_model/c6be4ffa0b25410a9e77eecd/dynamics_model.pt,Fusion-rambo,210,Fusion,Fusion-rambo,rambo,Fusion,/home/ubuntu/fortzl/NeoRL2/benchmark/tune_Fusion_domain_lastmodel_modelbased_rambo_mobile,/home/ubuntu/fortzl/NeoRL2/benchmark/tune_Fusion_domain_lastmodel_modelbased_rambo_mobile/.aim/dynamics_model/c6be4ffa0b25410a9e77eecd/dynamics_model.pt,210,discrete,"[0, 0.0003]",discrete,"[1, 2, 5]",discrete,"[0.05, 0.1, 0.2]"
76b27_00031,1.1372267585314957,5.245736517635868,100.0,0.0,-37.0726318359375,0.2620368897914886,0.2759081721305847,0.2489145696163177,0.0593876354396343,-88.39344239044189,-88.39432967376709,0.8872381910383701,-2.6635825634002683e-10,85.10276344299317,/home/ubuntu/fortzl/NeoRL2/benchmark/tune_Fusion_domain_lastmodel_modelbased_rambo_mobile/.aim/models/e7f794d77d9749a889ad6210/policy.pt,1717118947,,True,1,2024-05-31_09-29-07,43104.36556696892,43104.36556696892,119745,common-fc7a7ixb,10.244.2.10,43104.36556696892,1,"31_adv_weight=0.0010,horizon=1,seed=210,transition_adv_lr=0.0003",,[6],0.0001,256,5,1000,0.001,/home/ubuntu/fortzl/NeoRL2/benchmark/tune_Fusion_domain_lastmodel_modelbased_rambo_mobile,rambo,0.0001,0.2,0.0003,cuda,0.99,"[200, 200, 200, 200]",/home/ubuntu/fortzl/NeoRL2/benchmark/tune_Fusion_domain_lastmodel_modelbased_rambo_mobile/.aim/dynamics_model/c6be4ffa0b25410a9e77eecd/dynamics_model.pt,,1000,"[2.5e-05, 5e-05, 7.5e-05, 7.5e-05, 0.0001]",10,Fusion-rambo,"[256, 256]",1,False,True,0.01,,5,2000,5,False,[15],256,256,50,0.0001,,,True,0.5,50000.0,250,210,0.005,1000,,medium,99,Fusion,True,0.0003,256,7,0.001,,True,5,10,0.2,1,0.0003,0.001,210,"[0, 0.001, 0.0003]","[1, 5]","[0.001, 0.0003]",/home/ubuntu/fortzl/NeoRL2/benchmark/tune_Fusion_domain_lastmodel_modelbased_rambo_mobile,rambo,/home/ubuntu/fortzl/NeoRL2/benchmark/tune_Fusion_domain_lastmodel_modelbased_rambo_mobile/.aim/dynamics_model/c6be4ffa0b25410a9e77eecd/dynamics_model.pt,Fusion-rambo,210,Fusion,Fusion-rambo,rambo,Fusion,/home/ubuntu/fortzl/NeoRL2/benchmark/tune_Fusion_domain_lastmodel_modelbased_rambo_mobile,/home/ubuntu/fortzl/NeoRL2/benchmark/tune_Fusion_domain_lastmodel_modelbased_rambo_mobile/.aim/dynamics_model/c6be4ffa0b25410a9e77eecd/dynamics_model.pt,210,discrete,"[0, 0.0003]",discrete,"[1, 2, 5]",discrete,"[0.05, 0.1, 0.2]"
76b27_00032,-1.5276545955820693,5.581218424578423,100.0,0.0,-53.5162467956543,0.275413453578949,0.2981047928333282,0.0848992764949798,0.0648359432816505,-88.42067556762696,-88.42100213623047,1.088775793671608,-8.188653737306595e-10,84.77874203491211,/home/ubuntu/fortzl/NeoRL2/benchmark/tune_Fusion_domain_lastmodel_modelbased_rambo_mobile/.aim/models/a75811bf526f41ce999cc37b/policy.pt,1717119057,,True,1,2024-05-31_09-30-57,42984.841710567474,42984.841710567474,120218,common-fc7a7ixb,10.244.2.10,42984.841710567474,1,"32_adv_weight=0.0003,horizon=1,seed=210,transition_adv_lr=0.0003",,[6],0.0001,256,5,1000,0.0003,/home/ubuntu/fortzl/NeoRL2/benchmark/tune_Fusion_domain_lastmodel_modelbased_rambo_mobile,rambo,0.0001,0.2,0.0003,cuda,0.99,"[200, 200, 200, 200]",/home/ubuntu/fortzl/NeoRL2/benchmark/tune_Fusion_domain_lastmodel_modelbased_rambo_mobile/.aim/dynamics_model/c6be4ffa0b25410a9e77eecd/dynamics_model.pt,,1000,"[2.5e-05, 5e-05, 7.5e-05, 7.5e-05, 0.0001]",10,Fusion-rambo,"[256, 256]",1,False,True,0.01,,5,2000,5,False,[15],256,256,50,0.0001,,,True,0.5,50000.0,250,210,0.005,1000,,medium,99,Fusion,True,0.0003,256,7,0.001,,True,5,10,0.2,1,0.0003,0.0003,210,"[0, 0.001, 0.0003]","[1, 5]","[0.001, 0.0003]",/home/ubuntu/fortzl/NeoRL2/benchmark/tune_Fusion_domain_lastmodel_modelbased_rambo_mobile,rambo,/home/ubuntu/fortzl/NeoRL2/benchmark/tune_Fusion_domain_lastmodel_modelbased_rambo_mobile/.aim/dynamics_model/c6be4ffa0b25410a9e77eecd/dynamics_model.pt,Fusion-rambo,210,Fusion,Fusion-rambo,rambo,Fusion,/home/ubuntu/fortzl/NeoRL2/benchmark/tune_Fusion_domain_lastmodel_modelbased_rambo_mobile,/home/ubuntu/fortzl/NeoRL2/benchmark/tune_Fusion_domain_lastmodel_modelbased_rambo_mobile/.aim/dynamics_model/c6be4ffa0b25410a9e77eecd/dynamics_model.pt,210,discrete,"[0, 0.0003]",discrete,"[1, 2, 5]",discrete,"[0.05, 0.1, 0.2]"
76b27_00033,6.07048479166523,5.151991060893673,100.0,0.0,-77.729248046875,0.4374520182609558,0.4365476965904236,-0.0045989155769348,0.0679962486028671,-88.39716920471191,-88.39716920471191,0.5278473209440708,2.0605511963367462e-10,84.9404338760376,/home/ubuntu/fortzl/NeoRL2/benchmark/tune_Fusion_domain_lastmodel_modelbased_rambo_mobile/.aim/models/73f2f03bb3b7419d866f6c6f/policy.pt,1717119405,,True,1,2024-05-31_09-36-45,38283.00565314293,38283.00565314293,120560,common-fc7a7ixb,10.244.2.10,38283.00565314293,1,"33_adv_weight=0,horizon=5,seed=210,transition_adv_lr=0.0003",,[6],0.0001,256,5,1000,0.0,/home/ubuntu/fortzl/NeoRL2/benchmark/tune_Fusion_domain_lastmodel_modelbased_rambo_mobile,rambo,0.0001,0.2,0.0003,cuda,0.99,"[200, 200, 200, 200]",/home/ubuntu/fortzl/NeoRL2/benchmark/tune_Fusion_domain_lastmodel_modelbased_rambo_mobile/.aim/dynamics_model/c6be4ffa0b25410a9e77eecd/dynamics_model.pt,,1000,"[2.5e-05, 5e-05, 7.5e-05, 7.5e-05, 0.0001]",10,Fusion-rambo,"[256, 256]",5,False,True,0.01,,5,2000,5,False,[15],256,256,50,0.0001,,,True,0.5,50000.0,250,210,0.005,1000,,medium,99,Fusion,True,0.0003,256,7,0.001,,True,5,10,0.2,5,0.0003,0.0,210,"[0, 0.001, 0.0003]","[1, 5]","[0.001, 0.0003]",/home/ubuntu/fortzl/NeoRL2/benchmark/tune_Fusion_domain_lastmodel_modelbased_rambo_mobile,rambo,/home/ubuntu/fortzl/NeoRL2/benchmark/tune_Fusion_domain_lastmodel_modelbased_rambo_mobile/.aim/dynamics_model/c6be4ffa0b25410a9e77eecd/dynamics_model.pt,Fusion-rambo,210,Fusion,Fusion-rambo,rambo,Fusion,/home/ubuntu/fortzl/NeoRL2/benchmark/tune_Fusion_domain_lastmodel_modelbased_rambo_mobile,/home/ubuntu/fortzl/NeoRL2/benchmark/tune_Fusion_domain_lastmodel_modelbased_rambo_mobile/.aim/dynamics_model/c6be4ffa0b25410a9e77eecd/dynamics_model.pt,210,discrete,"[0, 0.0003]",discrete,"[1, 2, 5]",discrete,"[0.05, 0.1, 0.2]"
76b27_00034,15.697714190402207,5.5439524340809605,100.0,0.0,-64.27753448486328,0.2671213150024414,0.2931692004203796,0.6098557114601135,0.0619501359760761,-88.44979667663574,-88.4505083694458,0.7116660223305226,-5.466863512992859e-10,85.09622801971436,/home/ubuntu/fortzl/NeoRL2/benchmark/tune_Fusion_domain_lastmodel_modelbased_rambo_mobile/.aim/models/37024cafe922418784abc30b/policy.pt,1717126697,,True,1,2024-05-31_11-38-17,45192.32916688919,45192.32916688919,120817,common-fc7a7ixb,10.244.2.10,45192.32916688919,1,"34_adv_weight=0.0010,horizon=5,seed=210,transition_adv_lr=0.0003",,[6],0.0001,256,5,1000,0.001,/home/ubuntu/fortzl/NeoRL2/benchmark/tune_Fusion_domain_lastmodel_modelbased_rambo_mobile,rambo,0.0001,0.2,0.0003,cuda,0.99,"[200, 200, 200, 200]",/home/ubuntu/fortzl/NeoRL2/benchmark/tune_Fusion_domain_lastmodel_modelbased_rambo_mobile/.aim/dynamics_model/c6be4ffa0b25410a9e77eecd/dynamics_model.pt,,1000,"[2.5e-05, 5e-05, 7.5e-05, 7.5e-05, 0.0001]",10,Fusion-rambo,"[256, 256]",5,False,True,0.01,,5,2000,5,False,[15],256,256,50,0.0001,,,True,0.5,50000.0,250,210,0.005,1000,,medium,99,Fusion,True,0.0003,256,7,0.001,,True,5,10,0.2,5,0.0003,0.001,210,"[0, 0.001, 0.0003]","[1, 5]","[0.001, 0.0003]",/home/ubuntu/fortzl/NeoRL2/benchmark/tune_Fusion_domain_lastmodel_modelbased_rambo_mobile,rambo,/home/ubuntu/fortzl/NeoRL2/benchmark/tune_Fusion_domain_lastmodel_modelbased_rambo_mobile/.aim/dynamics_model/c6be4ffa0b25410a9e77eecd/dynamics_model.pt,Fusion-rambo,210,Fusion,Fusion-rambo,rambo,Fusion,/home/ubuntu/fortzl/NeoRL2/benchmark/tune_Fusion_domain_lastmodel_modelbased_rambo_mobile,/home/ubuntu/fortzl/NeoRL2/benchmark/tune_Fusion_domain_lastmodel_modelbased_rambo_mobile/.aim/dynamics_model/c6be4ffa0b25410a9e77eecd/dynamics_model.pt,210,discrete,"[0, 0.0003]",discrete,"[1, 2, 5]",discrete,"[0.05, 0.1, 0.2]"
76b27_00035,10.420558563822716,5.454228211305195,100.0,0.0,-66.96040344238281,0.3346400856971741,0.3339767158031463,0.2496796250343322,0.0634780675172805,-88.44312102508545,-88.4433016204834,0.6020654784739018,2.07219272851944e-11,85.15153656005859,/home/ubuntu/fortzl/NeoRL2/benchmark/tune_Fusion_domain_lastmodel_modelbased_rambo_mobile/.aim/models/6a9677c0963a43508722e556/policy.pt,1717126703,,True,1,2024-05-31_11-38-23,45058.978471040726,45058.978471040726,121069,common-fc7a7ixb,10.244.2.10,45058.978471040726,1,"35_adv_weight=0.0003,horizon=5,seed=210,transition_adv_lr=0.0003",,[6],0.0001,256,5,1000,0.0003,/home/ubuntu/fortzl/NeoRL2/benchmark/tune_Fusion_domain_lastmodel_modelbased_rambo_mobile,rambo,0.0001,0.2,0.0003,cuda,0.99,"[200, 200, 200, 200]",/home/ubuntu/fortzl/NeoRL2/benchmark/tune_Fusion_domain_lastmodel_modelbased_rambo_mobile/.aim/dynamics_model/c6be4ffa0b25410a9e77eecd/dynamics_model.pt,,1000,"[2.5e-05, 5e-05, 7.5e-05, 7.5e-05, 0.0001]",10,Fusion-rambo,"[256, 256]",5,False,True,0.01,,5,2000,5,False,[15],256,256,50,0.0001,,,True,0.5,50000.0,250,210,0.005,1000,,medium,99,Fusion,True,0.0003,256,7,0.001,,True,5,10,0.2,5,0.0003,0.0003,210,"[0, 0.001, 0.0003]","[1, 5]","[0.001, 0.0003]",/home/ubuntu/fortzl/NeoRL2/benchmark/tune_Fusion_domain_lastmodel_modelbased_rambo_mobile,rambo,/home/ubuntu/fortzl/NeoRL2/benchmark/tune_Fusion_domain_lastmodel_modelbased_rambo_mobile/.aim/dynamics_model/c6be4ffa0b25410a9e77eecd/dynamics_model.pt,Fusion-rambo,210,Fusion,Fusion-rambo,rambo,Fusion,/home/ubuntu/fortzl/NeoRL2/benchmark/tune_Fusion_domain_lastmodel_modelbased_rambo_mobile,/home/ubuntu/fortzl/NeoRL2/benchmark/tune_Fusion_domain_lastmodel_modelbased_rambo_mobile/.aim/dynamics_model/c6be4ffa0b25410a9e77eecd/dynamics_model.pt,210,discrete,"[0, 0.0003]",discrete,"[1, 2, 5]",discrete,"[0.05, 0.1, 0.2]"
