trial_id,Reward_Mean_Env,Reward_Std_Env,Length_Mean_Env,Length_Std_Env,loss/actor,loss/actor_loss,loss/critic1,loss/critic2,loss/q1,loss/q2,loss/cat_q1,loss/cat_q2,loss/conservative_loss1,loss/conservative_loss2,loss/alpha,alpha,model_path,timestamp,checkpoint_dir_name,done,training_iteration,date,time_this_iter_s,time_total_s,pid,hostname,node_ip,time_since_restore,iterations_since_restore,experiment_tag,hparams/act_shape,hparams/action_shape,hparams/actor_lr,hparams/aim_path,hparams/algo_name,hparams/alpha_lr,hparams/alpha,hparams/cql_alpha_lr,hparams/cql_weight,hparams/critic_lr,hparams/deterministic_backup,hparams/device,hparams/discount,hparams/dynamics_hidden_dims,hparams/dynamics_path,hparams/dynamics_save_path,hparams/dynamics_weight_decay,hparams/eval_episodes,hparams/exp_name,hparams/hidden_dims,hparams/horizon,hparams/lagrange_threshold,hparams/learnable_alpha,hparams/logvar_loss_coef,hparams/max_action,hparams/max_epochs_since_update,hparams/max_epoch,hparams/max_q_backup,hparams/model_retain_epochs,hparams/normalize_obs,hparams/num_repeat_actions,hparams/obs_shape,hparams/policy_batch_size,hparams/policy_scaler,hparams/real_data_ratio,hparams/rho_s,hparams/rollout_batch_size,hparams/rollout_freq,hparams/seed,hparams/soft_target_tau,hparams/steps_per_epoch,hparams/target_entropy,hparams/task_data_type,hparams/task_train_num,hparams/task,hparams/temperatue,hparams/trainsition_clip,hparams/transition_batch_size,hparams/transition_init_num,hparams/transition_lr,hparams/transition_max_epochs,hparams/transition_scaler,hparams/transition_select_num,hparams/uniform_rollout,hparams/val_frequency,hparams/val_ratio,hparams/with_lagrange,config/horizon,config/cql_weight,config/rho_s,config/seed,hparams/grid_tune/cql_weight,hparams/grid_tune/horizon,hparams/grid_tune/rho_s,hparams/kwargs/aim_path,hparams/kwargs/algo_name,hparams/kwargs/exp_name,hparams/kwargs/seed,hparams/kwargs/task,config/kwargs/exp_name,config/kwargs/algo_name,config/kwargs/task,config/kwargs/aim_path,config/kwargs/seed,hparams/params_tune/buffer_size/type,hparams/params_tune/buffer_size/value,hparams/params_tune/horzion/type,hparams/params_tune/horzion/value,hparams/params_tune/lam/type,hparams/params_tune/lam/value,hparams/params_tune/learnable_alpha/type,hparams/params_tune/learnable_alpha/value,hparams/params_tune/real_data_ratio/type,hparams/params_tune/real_data_ratio/value
796cc_00000,1124.3823565548971,551.0981812066839,1000.0,0.0,-56.29032897949219,-56.29032897949219,-13.682816505432129,-18.004268646240234,60.385929107666016,61.40702438354492,-19.778141021728516,1.146847128868103,-20.592681884765625,-24.101699829101562,0.18809083104133606,0.30912306904792786,/home/ubuntu/fortzl/NeoRL2/benchmark/tune_SafetyHalfCheetah_combo/.aim/models/8bead9462c914b1995b66f5d/policy.pt,1717401554,,True,1,2024-06-03_15-59-14,22197.84113097191,22197.84113097191,427470,common-ddhjpyex,10.244.1.89,22197.84113097191,1,"0_cql_weight=2.5000,horizon=1,rho_s=model,seed=7",,[6],0.0001,/home/ubuntu/fortzl/NeoRL2/benchmark/tune_SafetyHalfCheetah_combo,combo,0.0001,0.2,0.0003,2.5,0.0003,True,cuda,0.99,"[200, 200, 200, 200]",,,"[2.5e-05, 5e-05, 7.5e-05, 7.5e-05, 0.0001]",10,SafetyHalfCheetah-combo,"[256, 256, 256]",1,10.0,True,0.01,,5,1000,False,5,False,10,[18],256,False,0.5,model,50000.0,1000,7,0.005,1000,,low,99,SafetyHalfCheetah,1.0,True,256,7,0.001,,True,5,False,10,0.2,False,1,2.5,model,7,"[2.5, 3.5, 5]","[1, 5]","['model', 'mix']",/home/ubuntu/fortzl/NeoRL2/benchmark/tune_SafetyHalfCheetah_combo,combo,SafetyHalfCheetah-combo,7,SafetyHalfCheetah,SafetyHalfCheetah-combo,combo,SafetyHalfCheetah,/home/ubuntu/fortzl/NeoRL2/benchmark/tune_SafetyHalfCheetah_combo,7,discrete,"[1000000.0, 2000000.0]",discrete,"[1, 2, 5]",continuous,"[0.1, 10]",discrete,"[True, False]",discrete,"[0.05, 0.1, 0.2]"
796cc_00001,1362.0126126452883,431.3399830140452,1000.0,0.0,143.6728515625,143.6728515625,-21.394073486328125,-17.925262451171875,-133.65733337402344,-133.90481567382812,-170.24496459960938,-171.37852478027344,-38.163604736328125,-35.36297607421875,-0.03846277296543121,0.7092405557632446,/home/ubuntu/fortzl/NeoRL2/benchmark/tune_SafetyHalfCheetah_combo/.aim/models/4933da96fda2407f9e58daa2/policy.pt,1717401265,,True,1,2024-06-03_15-54-25,21909.66750216484,21909.66750216484,427519,common-ddhjpyex,10.244.1.89,21909.66750216484,1,"1_cql_weight=3.5000,horizon=1,rho_s=model,seed=7",,[6],0.0001,/home/ubuntu/fortzl/NeoRL2/benchmark/tune_SafetyHalfCheetah_combo,combo,0.0001,0.2,0.0003,3.5,0.0003,True,cuda,0.99,"[200, 200, 200, 200]",,,"[2.5e-05, 5e-05, 7.5e-05, 7.5e-05, 0.0001]",10,SafetyHalfCheetah-combo,"[256, 256, 256]",1,10.0,True,0.01,,5,1000,False,5,False,10,[18],256,False,0.5,model,50000.0,1000,7,0.005,1000,,low,99,SafetyHalfCheetah,1.0,True,256,7,0.001,,True,5,False,10,0.2,False,1,3.5,model,7,"[2.5, 3.5, 5]","[1, 5]","['model', 'mix']",/home/ubuntu/fortzl/NeoRL2/benchmark/tune_SafetyHalfCheetah_combo,combo,SafetyHalfCheetah-combo,7,SafetyHalfCheetah,SafetyHalfCheetah-combo,combo,SafetyHalfCheetah,/home/ubuntu/fortzl/NeoRL2/benchmark/tune_SafetyHalfCheetah_combo,7,discrete,"[1000000.0, 2000000.0]",discrete,"[1, 2, 5]",continuous,"[0.1, 10]",discrete,"[True, False]",discrete,"[0.05, 0.1, 0.2]"
796cc_00002,1268.0349674991164,310.27623943255645,1000.0,0.0,359.8927307128906,359.8927307128906,-24.096603393554688,-28.626731872558594,-340.70306396484375,-340.43414306640625,-394.51873779296875,-397.2650451660156,-108.6124267578125,-108.973876953125,-0.00983461830765009,1.173650860786438,/home/ubuntu/fortzl/NeoRL2/benchmark/tune_SafetyHalfCheetah_combo/.aim/models/9a921dd001ae40dcb5a524a0/policy.pt,1717401450,,True,1,2024-06-03_15-57-30,22095.254512548447,22095.254512548447,427520,common-ddhjpyex,10.244.1.89,22095.254512548447,1,"2_cql_weight=5,horizon=1,rho_s=model,seed=7",,[6],0.0001,/home/ubuntu/fortzl/NeoRL2/benchmark/tune_SafetyHalfCheetah_combo,combo,0.0001,0.2,0.0003,5.0,0.0003,True,cuda,0.99,"[200, 200, 200, 200]",,,"[2.5e-05, 5e-05, 7.5e-05, 7.5e-05, 0.0001]",10,SafetyHalfCheetah-combo,"[256, 256, 256]",1,10.0,True,0.01,,5,1000,False,5,False,10,[18],256,False,0.5,model,50000.0,1000,7,0.005,1000,,low,99,SafetyHalfCheetah,1.0,True,256,7,0.001,,True,5,False,10,0.2,False,1,5.0,model,7,"[2.5, 3.5, 5]","[1, 5]","['model', 'mix']",/home/ubuntu/fortzl/NeoRL2/benchmark/tune_SafetyHalfCheetah_combo,combo,SafetyHalfCheetah-combo,7,SafetyHalfCheetah,SafetyHalfCheetah-combo,combo,SafetyHalfCheetah,/home/ubuntu/fortzl/NeoRL2/benchmark/tune_SafetyHalfCheetah_combo,7,discrete,"[1000000.0, 2000000.0]",discrete,"[1, 2, 5]",continuous,"[0.1, 10]",discrete,"[True, False]",discrete,"[0.05, 0.1, 0.2]"
796cc_00003,233.73718527198454,98.00213777606177,1000.0,0.0,15.857231140136719,15.857231140136719,-19.24713706970215,-19.443279266357422,-6.656363010406494,-6.677710056304932,-31.49726676940918,-32.918724060058594,-28.871910095214844,-28.315792083740234,-0.10503581166267395,0.5691400170326233,/home/ubuntu/fortzl/NeoRL2/benchmark/tune_SafetyHalfCheetah_combo/.aim/models/4eb52f91f23949289aced12b/policy.pt,1717402611,,True,1,2024-06-03_16-16-51,23254.860102415085,23254.860102415085,427521,common-ddhjpyex,10.244.1.89,23254.860102415085,1,"3_cql_weight=2.5000,horizon=5,rho_s=model,seed=7",,[6],0.0001,/home/ubuntu/fortzl/NeoRL2/benchmark/tune_SafetyHalfCheetah_combo,combo,0.0001,0.2,0.0003,2.5,0.0003,True,cuda,0.99,"[200, 200, 200, 200]",,,"[2.5e-05, 5e-05, 7.5e-05, 7.5e-05, 0.0001]",10,SafetyHalfCheetah-combo,"[256, 256, 256]",5,10.0,True,0.01,,5,1000,False,5,False,10,[18],256,False,0.5,model,50000.0,1000,7,0.005,1000,,low,99,SafetyHalfCheetah,1.0,True,256,7,0.001,,True,5,False,10,0.2,False,5,2.5,model,7,"[2.5, 3.5, 5]","[1, 5]","['model', 'mix']",/home/ubuntu/fortzl/NeoRL2/benchmark/tune_SafetyHalfCheetah_combo,combo,SafetyHalfCheetah-combo,7,SafetyHalfCheetah,SafetyHalfCheetah-combo,combo,SafetyHalfCheetah,/home/ubuntu/fortzl/NeoRL2/benchmark/tune_SafetyHalfCheetah_combo,7,discrete,"[1000000.0, 2000000.0]",discrete,"[1, 2, 5]",continuous,"[0.1, 10]",discrete,"[True, False]",discrete,"[0.05, 0.1, 0.2]"
796cc_00004,824.0863988411298,117.92088390237251,1000.0,0.0,170.019287109375,170.019287109375,-33.44364929199219,-34.26919937133789,-156.82733154296875,-156.99813842773438,-184.04000854492188,-183.70980834960938,-50.6932373046875,-50.94207763671875,-0.04834812879562378,0.7589831948280334,/home/ubuntu/fortzl/NeoRL2/benchmark/tune_SafetyHalfCheetah_combo/.aim/models/f6bc789dbde54cbfacbb8597/policy.pt,1717402253,,True,1,2024-06-03_16-10-53,22897.20052433014,22897.20052433014,427522,common-ddhjpyex,10.244.1.89,22897.20052433014,1,"4_cql_weight=3.5000,horizon=5,rho_s=model,seed=7",,[6],0.0001,/home/ubuntu/fortzl/NeoRL2/benchmark/tune_SafetyHalfCheetah_combo,combo,0.0001,0.2,0.0003,3.5,0.0003,True,cuda,0.99,"[200, 200, 200, 200]",,,"[2.5e-05, 5e-05, 7.5e-05, 7.5e-05, 0.0001]",10,SafetyHalfCheetah-combo,"[256, 256, 256]",5,10.0,True,0.01,,5,1000,False,5,False,10,[18],256,False,0.5,model,50000.0,1000,7,0.005,1000,,low,99,SafetyHalfCheetah,1.0,True,256,7,0.001,,True,5,False,10,0.2,False,5,3.5,model,7,"[2.5, 3.5, 5]","[1, 5]","['model', 'mix']",/home/ubuntu/fortzl/NeoRL2/benchmark/tune_SafetyHalfCheetah_combo,combo,SafetyHalfCheetah-combo,7,SafetyHalfCheetah,SafetyHalfCheetah-combo,combo,SafetyHalfCheetah,/home/ubuntu/fortzl/NeoRL2/benchmark/tune_SafetyHalfCheetah_combo,7,discrete,"[1000000.0, 2000000.0]",discrete,"[1, 2, 5]",continuous,"[0.1, 10]",discrete,"[True, False]",discrete,"[0.05, 0.1, 0.2]"
796cc_00005,1422.2189988219156,293.25296172293355,1000.0,0.0,353.0972900390625,353.0972900390625,-57.41834259033203,-58.11220169067383,-334.9173278808594,-334.6103210449219,-369.0139465332031,-369.312744140625,-92.0386962890625,-92.7276611328125,0.01873025670647621,1.050337553024292,/home/ubuntu/fortzl/NeoRL2/benchmark/tune_SafetyHalfCheetah_combo/.aim/models/a928b999ba20434581a7f6c4/policy.pt,1717402149,,True,1,2024-06-03_16-09-09,22794.134346485138,22794.134346485138,427523,common-ddhjpyex,10.244.1.89,22794.134346485138,1,"5_cql_weight=5,horizon=5,rho_s=model,seed=7",,[6],0.0001,/home/ubuntu/fortzl/NeoRL2/benchmark/tune_SafetyHalfCheetah_combo,combo,0.0001,0.2,0.0003,5.0,0.0003,True,cuda,0.99,"[200, 200, 200, 200]",,,"[2.5e-05, 5e-05, 7.5e-05, 7.5e-05, 0.0001]",10,SafetyHalfCheetah-combo,"[256, 256, 256]",5,10.0,True,0.01,,5,1000,False,5,False,10,[18],256,False,0.5,model,50000.0,1000,7,0.005,1000,,low,99,SafetyHalfCheetah,1.0,True,256,7,0.001,,True,5,False,10,0.2,False,5,5.0,model,7,"[2.5, 3.5, 5]","[1, 5]","['model', 'mix']",/home/ubuntu/fortzl/NeoRL2/benchmark/tune_SafetyHalfCheetah_combo,combo,SafetyHalfCheetah-combo,7,SafetyHalfCheetah,SafetyHalfCheetah-combo,combo,SafetyHalfCheetah,/home/ubuntu/fortzl/NeoRL2/benchmark/tune_SafetyHalfCheetah_combo,7,discrete,"[1000000.0, 2000000.0]",discrete,"[1, 2, 5]",continuous,"[0.1, 10]",discrete,"[True, False]",discrete,"[0.05, 0.1, 0.2]"
796cc_00006,366.456240610599,803.1565459340055,1000.0,0.0,51.17682647705078,51.17682647705078,-11.411113739013672,-11.817525863647461,-43.72846984863281,-43.578277587890625,-80.0876693725586,-82.10026550292969,-23.19841766357422,-23.2750244140625,-0.01886276714503765,0.5424014925956726,/home/ubuntu/fortzl/NeoRL2/benchmark/tune_SafetyHalfCheetah_combo/.aim/models/125f64541bed4e2686b37422/policy.pt,1717423743,,True,1,2024-06-03_22-09-03,22474.506132125854,22474.506132125854,499041,common-ddhjpyex,10.244.1.89,22474.506132125854,1,"6_cql_weight=2.5000,horizon=1,rho_s=mix,seed=7",,[6],0.0001,/home/ubuntu/fortzl/NeoRL2/benchmark/tune_SafetyHalfCheetah_combo,combo,0.0001,0.2,0.0003,2.5,0.0003,True,cuda,0.99,"[200, 200, 200, 200]",,,"[2.5e-05, 5e-05, 7.5e-05, 7.5e-05, 0.0001]",10,SafetyHalfCheetah-combo,"[256, 256, 256]",1,10.0,True,0.01,,5,1000,False,5,False,10,[18],256,False,0.5,mix,50000.0,1000,7,0.005,1000,,low,99,SafetyHalfCheetah,1.0,True,256,7,0.001,,True,5,False,10,0.2,False,1,2.5,mix,7,"[2.5, 3.5, 5]","[1, 5]","['model', 'mix']",/home/ubuntu/fortzl/NeoRL2/benchmark/tune_SafetyHalfCheetah_combo,combo,SafetyHalfCheetah-combo,7,SafetyHalfCheetah,SafetyHalfCheetah-combo,combo,SafetyHalfCheetah,/home/ubuntu/fortzl/NeoRL2/benchmark/tune_SafetyHalfCheetah_combo,7,discrete,"[1000000.0, 2000000.0]",discrete,"[1, 2, 5]",continuous,"[0.1, 10]",discrete,"[True, False]",discrete,"[0.05, 0.1, 0.2]"
796cc_00007,1623.8196109325695,241.10571459249314,1000.0,0.0,118.98725891113281,118.98725891113281,-16.77911949157715,-12.44161605834961,-108.85470581054688,-109.1108627319336,-143.87217712402344,-144.6522979736328,-36.254791259765625,-35.193206787109375,0.02078087627887726,0.7690926194190979,/home/ubuntu/fortzl/NeoRL2/benchmark/tune_SafetyHalfCheetah_combo/.aim/models/4d93d2d61d4a41a4b2656bc6/policy.pt,1717424023,,True,1,2024-06-03_22-13-43,22569.131316661835,22569.131316661835,499908,common-ddhjpyex,10.244.1.89,22569.131316661835,1,"7_cql_weight=3.5000,horizon=1,rho_s=mix,seed=7",,[6],0.0001,/home/ubuntu/fortzl/NeoRL2/benchmark/tune_SafetyHalfCheetah_combo,combo,0.0001,0.2,0.0003,3.5,0.0003,True,cuda,0.99,"[200, 200, 200, 200]",,,"[2.5e-05, 5e-05, 7.5e-05, 7.5e-05, 0.0001]",10,SafetyHalfCheetah-combo,"[256, 256, 256]",1,10.0,True,0.01,,5,1000,False,5,False,10,[18],256,False,0.5,mix,50000.0,1000,7,0.005,1000,,low,99,SafetyHalfCheetah,1.0,True,256,7,0.001,,True,5,False,10,0.2,False,1,3.5,mix,7,"[2.5, 3.5, 5]","[1, 5]","['model', 'mix']",/home/ubuntu/fortzl/NeoRL2/benchmark/tune_SafetyHalfCheetah_combo,combo,SafetyHalfCheetah-combo,7,SafetyHalfCheetah,SafetyHalfCheetah-combo,combo,SafetyHalfCheetah,/home/ubuntu/fortzl/NeoRL2/benchmark/tune_SafetyHalfCheetah_combo,7,discrete,"[1000000.0, 2000000.0]",discrete,"[1, 2, 5]",continuous,"[0.1, 10]",discrete,"[True, False]",discrete,"[0.05, 0.1, 0.2]"
796cc_00008,1122.6969588065074,348.7289841036938,1000.0,0.0,365.05426025390625,365.05426025390625,96.46070861816406,98.39381408691406,-347.0268249511719,-347.3917236328125,-400.09820556640625,-399.1047668457031,-75.7186279296875,-76.0006103515625,-0.017440035939216614,1.1245594024658203,/home/ubuntu/fortzl/NeoRL2/benchmark/tune_SafetyHalfCheetah_combo/.aim/models/74272a6c2b6048f582363e30/policy.pt,1717424604,,True,1,2024-06-03_22-23-24,23045.68338251114,23045.68338251114,500606,common-ddhjpyex,10.244.1.89,23045.68338251114,1,"8_cql_weight=5,horizon=1,rho_s=mix,seed=7",,[6],0.0001,/home/ubuntu/fortzl/NeoRL2/benchmark/tune_SafetyHalfCheetah_combo,combo,0.0001,0.2,0.0003,5.0,0.0003,True,cuda,0.99,"[200, 200, 200, 200]",,,"[2.5e-05, 5e-05, 7.5e-05, 7.5e-05, 0.0001]",10,SafetyHalfCheetah-combo,"[256, 256, 256]",1,10.0,True,0.01,,5,1000,False,5,False,10,[18],256,False,0.5,mix,50000.0,1000,7,0.005,1000,,low,99,SafetyHalfCheetah,1.0,True,256,7,0.001,,True,5,False,10,0.2,False,1,5.0,mix,7,"[2.5, 3.5, 5]","[1, 5]","['model', 'mix']",/home/ubuntu/fortzl/NeoRL2/benchmark/tune_SafetyHalfCheetah_combo,combo,SafetyHalfCheetah-combo,7,SafetyHalfCheetah,SafetyHalfCheetah-combo,combo,SafetyHalfCheetah,/home/ubuntu/fortzl/NeoRL2/benchmark/tune_SafetyHalfCheetah_combo,7,discrete,"[1000000.0, 2000000.0]",discrete,"[1, 2, 5]",continuous,"[0.1, 10]",discrete,"[True, False]",discrete,"[0.05, 0.1, 0.2]"
796cc_00009,-168.5093172560297,96.47001524198505,1000.0,0.0,-151.60203552246094,-151.60203552246094,-4.7769694328308105,-5.085140228271484,154.8734588623047,154.85015869140625,126.39802551269531,122.06039428710938,-12.30322265625,-13.1785888671875,-0.13191348314285278,0.5313315987586975,/home/ubuntu/fortzl/NeoRL2/benchmark/tune_SafetyHalfCheetah_combo/.aim/models/24a7f5c35ea64a42a756c85d/policy.pt,1717425826,,True,1,2024-06-03_22-43-46,23673.31502842903,23673.31502842903,503003,common-ddhjpyex,10.244.1.89,23673.31502842903,1,"9_cql_weight=2.5000,horizon=5,rho_s=mix,seed=7",,[6],0.0001,/home/ubuntu/fortzl/NeoRL2/benchmark/tune_SafetyHalfCheetah_combo,combo,0.0001,0.2,0.0003,2.5,0.0003,True,cuda,0.99,"[200, 200, 200, 200]",,,"[2.5e-05, 5e-05, 7.5e-05, 7.5e-05, 0.0001]",10,SafetyHalfCheetah-combo,"[256, 256, 256]",5,10.0,True,0.01,,5,1000,False,5,False,10,[18],256,False,0.5,mix,50000.0,1000,7,0.005,1000,,low,99,SafetyHalfCheetah,1.0,True,256,7,0.001,,True,5,False,10,0.2,False,5,2.5,mix,7,"[2.5, 3.5, 5]","[1, 5]","['model', 'mix']",/home/ubuntu/fortzl/NeoRL2/benchmark/tune_SafetyHalfCheetah_combo,combo,SafetyHalfCheetah-combo,7,SafetyHalfCheetah,SafetyHalfCheetah-combo,combo,SafetyHalfCheetah,/home/ubuntu/fortzl/NeoRL2/benchmark/tune_SafetyHalfCheetah_combo,7,discrete,"[1000000.0, 2000000.0]",discrete,"[1, 2, 5]",continuous,"[0.1, 10]",discrete,"[True, False]",discrete,"[0.05, 0.1, 0.2]"
796cc_00010,-366.651736935223,24.79802556011622,1000.0,0.0,-99.98696899414062,-99.98696899414062,-4.116140365600586,-4.979730606079102,104.58338928222656,104.21192932128906,73.07522583007812,73.89702606201172,-19.2984619140625,-19.120391845703125,-0.2596055269241333,0.6340588927268982,/home/ubuntu/fortzl/NeoRL2/benchmark/tune_SafetyHalfCheetah_combo/.aim/models/1ab7d199ea254cafae353021/policy.pt,1717425637,,True,1,2024-06-03_22-40-37,23380.332837820053,23380.332837820053,503694,common-ddhjpyex,10.244.1.89,23380.332837820053,1,"10_cql_weight=3.5000,horizon=5,rho_s=mix,seed=7",,[6],0.0001,/home/ubuntu/fortzl/NeoRL2/benchmark/tune_SafetyHalfCheetah_combo,combo,0.0001,0.2,0.0003,3.5,0.0003,True,cuda,0.99,"[200, 200, 200, 200]",,,"[2.5e-05, 5e-05, 7.5e-05, 7.5e-05, 0.0001]",10,SafetyHalfCheetah-combo,"[256, 256, 256]",5,10.0,True,0.01,,5,1000,False,5,False,10,[18],256,False,0.5,mix,50000.0,1000,7,0.005,1000,,low,99,SafetyHalfCheetah,1.0,True,256,7,0.001,,True,5,False,10,0.2,False,5,3.5,mix,7,"[2.5, 3.5, 5]","[1, 5]","['model', 'mix']",/home/ubuntu/fortzl/NeoRL2/benchmark/tune_SafetyHalfCheetah_combo,combo,SafetyHalfCheetah-combo,7,SafetyHalfCheetah,SafetyHalfCheetah-combo,combo,SafetyHalfCheetah,/home/ubuntu/fortzl/NeoRL2/benchmark/tune_SafetyHalfCheetah_combo,7,discrete,"[1000000.0, 2000000.0]",discrete,"[1, 2, 5]",continuous,"[0.1, 10]",discrete,"[True, False]",discrete,"[0.05, 0.1, 0.2]"
796cc_00011,-173.64098051169123,7.809587885305743,1000.0,0.0,13.21377944946289,13.21377944946289,-9.86141586303711,-9.718160629272461,-5.341914176940918,-5.47701358795166,-35.268463134765625,-38.369468688964844,-37.31492614746094,-36.554447174072266,-0.11646473407745361,0.8046737909317017,/home/ubuntu/fortzl/NeoRL2/benchmark/tune_SafetyHalfCheetah_combo/.aim/models/3878ea3c3af24f7a94d8eb75/policy.pt,1717426415,,True,1,2024-06-03_22-53-35,23800.694493055344,23800.694493055344,505150,common-ddhjpyex,10.244.1.89,23800.694493055344,1,"11_cql_weight=5,horizon=5,rho_s=mix,seed=7",,[6],0.0001,/home/ubuntu/fortzl/NeoRL2/benchmark/tune_SafetyHalfCheetah_combo,combo,0.0001,0.2,0.0003,5.0,0.0003,True,cuda,0.99,"[200, 200, 200, 200]",,,"[2.5e-05, 5e-05, 7.5e-05, 7.5e-05, 0.0001]",10,SafetyHalfCheetah-combo,"[256, 256, 256]",5,10.0,True,0.01,,5,1000,False,5,False,10,[18],256,False,0.5,mix,50000.0,1000,7,0.005,1000,,low,99,SafetyHalfCheetah,1.0,True,256,7,0.001,,True,5,False,10,0.2,False,5,5.0,mix,7,"[2.5, 3.5, 5]","[1, 5]","['model', 'mix']",/home/ubuntu/fortzl/NeoRL2/benchmark/tune_SafetyHalfCheetah_combo,combo,SafetyHalfCheetah-combo,7,SafetyHalfCheetah,SafetyHalfCheetah-combo,combo,SafetyHalfCheetah,/home/ubuntu/fortzl/NeoRL2/benchmark/tune_SafetyHalfCheetah_combo,7,discrete,"[1000000.0, 2000000.0]",discrete,"[1, 2, 5]",continuous,"[0.1, 10]",discrete,"[True, False]",discrete,"[0.05, 0.1, 0.2]"
796cc_00012,1484.2728507840022,373.48421095918394,1000.0,0.0,-101.92877197265625,-101.92877197265625,37.43807601928711,105.62030792236328,102.70196533203125,103.30389404296875,59.47098922729492,70.23160552978516,-8.220687866210938,-8.509307861328125,-0.21303792297840118,0.1313920021057129,/home/ubuntu/fortzl/NeoRL2/benchmark/tune_SafetyHalfCheetah_combo/.aim/models/f7c4c426de85452fa579a34d/policy.pt,1717445445,,True,1,2024-06-04_04-10-45,21697.227571487427,21697.227571487427,532368,common-ddhjpyex,10.244.1.89,21697.227571487427,1,"12_cql_weight=2.5000,horizon=1,rho_s=model,seed=42",,[6],0.0001,/home/ubuntu/fortzl/NeoRL2/benchmark/tune_SafetyHalfCheetah_combo,combo,0.0001,0.2,0.0003,2.5,0.0003,True,cuda,0.99,"[200, 200, 200, 200]",,,"[2.5e-05, 5e-05, 7.5e-05, 7.5e-05, 0.0001]",10,SafetyHalfCheetah-combo,"[256, 256, 256]",1,10.0,True,0.01,,5,1000,False,5,False,10,[18],256,False,0.5,model,50000.0,1000,42,0.005,1000,,low,99,SafetyHalfCheetah,1.0,True,256,7,0.001,,True,5,False,10,0.2,False,1,2.5,model,42,"[2.5, 3.5, 5]","[1, 5]","['model', 'mix']",/home/ubuntu/fortzl/NeoRL2/benchmark/tune_SafetyHalfCheetah_combo,combo,SafetyHalfCheetah-combo,42,SafetyHalfCheetah,SafetyHalfCheetah-combo,combo,SafetyHalfCheetah,/home/ubuntu/fortzl/NeoRL2/benchmark/tune_SafetyHalfCheetah_combo,42,discrete,"[1000000.0, 2000000.0]",discrete,"[1, 2, 5]",continuous,"[0.1, 10]",discrete,"[True, False]",discrete,"[0.05, 0.1, 0.2]"
796cc_00013,-18.733738883464948,168.3886859707589,1000.0,0.0,-59.8951416015625,-59.8951416015625,520.1085205078125,570.0301513671875,61.41105651855469,66.01331329345703,-19.05080795288086,-19.068172454833984,-6.213714599609375,-14.554718017578125,0.6192026138305664,0.10701709240674973,/home/ubuntu/fortzl/NeoRL2/benchmark/tune_SafetyHalfCheetah_combo/.aim/models/163ba8687a5543c887daa9bb/policy.pt,1717446069,,True,1,2024-06-04_04-21-09,22042.401027679443,22042.401027679443,532842,common-ddhjpyex,10.244.1.89,22042.401027679443,1,"13_cql_weight=3.5000,horizon=1,rho_s=model,seed=42",,[6],0.0001,/home/ubuntu/fortzl/NeoRL2/benchmark/tune_SafetyHalfCheetah_combo,combo,0.0001,0.2,0.0003,3.5,0.0003,True,cuda,0.99,"[200, 200, 200, 200]",,,"[2.5e-05, 5e-05, 7.5e-05, 7.5e-05, 0.0001]",10,SafetyHalfCheetah-combo,"[256, 256, 256]",1,10.0,True,0.01,,5,1000,False,5,False,10,[18],256,False,0.5,model,50000.0,1000,42,0.005,1000,,low,99,SafetyHalfCheetah,1.0,True,256,7,0.001,,True,5,False,10,0.2,False,1,3.5,model,42,"[2.5, 3.5, 5]","[1, 5]","['model', 'mix']",/home/ubuntu/fortzl/NeoRL2/benchmark/tune_SafetyHalfCheetah_combo,combo,SafetyHalfCheetah-combo,42,SafetyHalfCheetah,SafetyHalfCheetah-combo,combo,SafetyHalfCheetah,/home/ubuntu/fortzl/NeoRL2/benchmark/tune_SafetyHalfCheetah_combo,42,discrete,"[1000000.0, 2000000.0]",discrete,"[1, 2, 5]",continuous,"[0.1, 10]",discrete,"[True, False]",discrete,"[0.05, 0.1, 0.2]"
796cc_00014,1726.298306003331,100.01057316970275,1000.0,0.0,414.03277587890625,414.03277587890625,-104.6956787109375,-98.62470245361328,-387.09588623046875,-386.8944396972656,-459.8827209472656,-461.1016540527344,-172.20654296875,-170.943603515625,-0.07739400118589401,1.1536248922348022,/home/ubuntu/fortzl/NeoRL2/benchmark/tune_SafetyHalfCheetah_combo/.aim/models/7714457cc7334d909bf1e773/policy.pt,1717446340,,True,1,2024-06-04_04-25-40,21731.859182834625,21731.859182834625,533456,common-ddhjpyex,10.244.1.89,21731.859182834625,1,"14_cql_weight=5,horizon=1,rho_s=model,seed=42",,[6],0.0001,/home/ubuntu/fortzl/NeoRL2/benchmark/tune_SafetyHalfCheetah_combo,combo,0.0001,0.2,0.0003,5.0,0.0003,True,cuda,0.99,"[200, 200, 200, 200]",,,"[2.5e-05, 5e-05, 7.5e-05, 7.5e-05, 0.0001]",10,SafetyHalfCheetah-combo,"[256, 256, 256]",1,10.0,True,0.01,,5,1000,False,5,False,10,[18],256,False,0.5,model,50000.0,1000,42,0.005,1000,,low,99,SafetyHalfCheetah,1.0,True,256,7,0.001,,True,5,False,10,0.2,False,1,5.0,model,42,"[2.5, 3.5, 5]","[1, 5]","['model', 'mix']",/home/ubuntu/fortzl/NeoRL2/benchmark/tune_SafetyHalfCheetah_combo,combo,SafetyHalfCheetah-combo,42,SafetyHalfCheetah,SafetyHalfCheetah-combo,combo,SafetyHalfCheetah,/home/ubuntu/fortzl/NeoRL2/benchmark/tune_SafetyHalfCheetah_combo,42,discrete,"[1000000.0, 2000000.0]",discrete,"[1, 2, 5]",continuous,"[0.1, 10]",discrete,"[True, False]",discrete,"[0.05, 0.1, 0.2]"
796cc_00015,133.31021702186143,159.3865093644187,1000.0,0.0,19.258092880249023,19.258092880249023,-20.352508544921875,-19.629314422607422,-10.517118453979492,-10.403873443603516,-38.043556213378906,-37.73933410644531,-27.696117401123047,-28.467947006225586,-0.08961494266986847,0.565587043762207,/home/ubuntu/fortzl/NeoRL2/benchmark/tune_SafetyHalfCheetah_combo/.aim/models/6b84120c608044ff85decd86/policy.pt,1717448554,,True,1,2024-06-04_05-02-34,22912.050619602203,22912.050619602203,534253,common-ddhjpyex,10.244.1.89,22912.050619602203,1,"15_cql_weight=2.5000,horizon=5,rho_s=model,seed=42",,[6],0.0001,/home/ubuntu/fortzl/NeoRL2/benchmark/tune_SafetyHalfCheetah_combo,combo,0.0001,0.2,0.0003,2.5,0.0003,True,cuda,0.99,"[200, 200, 200, 200]",,,"[2.5e-05, 5e-05, 7.5e-05, 7.5e-05, 0.0001]",10,SafetyHalfCheetah-combo,"[256, 256, 256]",5,10.0,True,0.01,,5,1000,False,5,False,10,[18],256,False,0.5,model,50000.0,1000,42,0.005,1000,,low,99,SafetyHalfCheetah,1.0,True,256,7,0.001,,True,5,False,10,0.2,False,5,2.5,model,42,"[2.5, 3.5, 5]","[1, 5]","['model', 'mix']",/home/ubuntu/fortzl/NeoRL2/benchmark/tune_SafetyHalfCheetah_combo,combo,SafetyHalfCheetah-combo,42,SafetyHalfCheetah,SafetyHalfCheetah-combo,combo,SafetyHalfCheetah,/home/ubuntu/fortzl/NeoRL2/benchmark/tune_SafetyHalfCheetah_combo,42,discrete,"[1000000.0, 2000000.0]",discrete,"[1, 2, 5]",continuous,"[0.1, 10]",discrete,"[True, False]",discrete,"[0.05, 0.1, 0.2]"
796cc_00016,731.9586088177506,113.29154712334893,1000.0,0.0,141.69700622558594,141.69700622558594,-40.62190246582031,-43.603271484375,-128.1306610107422,-128.19296264648438,-160.07334899902344,-159.4516143798828,-58.943084716796875,-59.422088623046875,-0.01563791185617447,0.7458599209785461,/home/ubuntu/fortzl/NeoRL2/benchmark/tune_SafetyHalfCheetah_combo/.aim/models/ba591cd27c19458794754914/policy.pt,1717449046,,True,1,2024-06-04_05-10-46,23215.509825468063,23215.509825468063,534701,common-ddhjpyex,10.244.1.89,23215.509825468063,1,"16_cql_weight=3.5000,horizon=5,rho_s=model,seed=42",,[6],0.0001,/home/ubuntu/fortzl/NeoRL2/benchmark/tune_SafetyHalfCheetah_combo,combo,0.0001,0.2,0.0003,3.5,0.0003,True,cuda,0.99,"[200, 200, 200, 200]",,,"[2.5e-05, 5e-05, 7.5e-05, 7.5e-05, 0.0001]",10,SafetyHalfCheetah-combo,"[256, 256, 256]",5,10.0,True,0.01,,5,1000,False,5,False,10,[18],256,False,0.5,model,50000.0,1000,42,0.005,1000,,low,99,SafetyHalfCheetah,1.0,True,256,7,0.001,,True,5,False,10,0.2,False,5,3.5,model,42,"[2.5, 3.5, 5]","[1, 5]","['model', 'mix']",/home/ubuntu/fortzl/NeoRL2/benchmark/tune_SafetyHalfCheetah_combo,combo,SafetyHalfCheetah-combo,42,SafetyHalfCheetah,SafetyHalfCheetah-combo,combo,SafetyHalfCheetah,/home/ubuntu/fortzl/NeoRL2/benchmark/tune_SafetyHalfCheetah_combo,42,discrete,"[1000000.0, 2000000.0]",discrete,"[1, 2, 5]",continuous,"[0.1, 10]",discrete,"[True, False]",discrete,"[0.05, 0.1, 0.2]"
796cc_00017,679.252372434525,102.71078163863585,1000.0,0.0,336.1045227050781,336.1045227050781,-48.76205825805664,-48.58787536621094,-318.6432189941406,-318.16058349609375,-350.94219970703125,-350.4330139160156,-84.8062744140625,-86.2940673828125,-0.004993190057575703,1.0222619771957397,/home/ubuntu/fortzl/NeoRL2/benchmark/tune_SafetyHalfCheetah_combo/.aim/models/811fa148b1b04d06a3092e92/policy.pt,1717449576,,True,1,2024-06-04_05-19-36,23156.992074489594,23156.992074489594,535312,common-ddhjpyex,10.244.1.89,23156.992074489594,1,"17_cql_weight=5,horizon=5,rho_s=model,seed=42",,[6],0.0001,/home/ubuntu/fortzl/NeoRL2/benchmark/tune_SafetyHalfCheetah_combo,combo,0.0001,0.2,0.0003,5.0,0.0003,True,cuda,0.99,"[200, 200, 200, 200]",,,"[2.5e-05, 5e-05, 7.5e-05, 7.5e-05, 0.0001]",10,SafetyHalfCheetah-combo,"[256, 256, 256]",5,10.0,True,0.01,,5,1000,False,5,False,10,[18],256,False,0.5,model,50000.0,1000,42,0.005,1000,,low,99,SafetyHalfCheetah,1.0,True,256,7,0.001,,True,5,False,10,0.2,False,5,5.0,model,42,"[2.5, 3.5, 5]","[1, 5]","['model', 'mix']",/home/ubuntu/fortzl/NeoRL2/benchmark/tune_SafetyHalfCheetah_combo,combo,SafetyHalfCheetah-combo,42,SafetyHalfCheetah,SafetyHalfCheetah-combo,combo,SafetyHalfCheetah,/home/ubuntu/fortzl/NeoRL2/benchmark/tune_SafetyHalfCheetah_combo,42,discrete,"[1000000.0, 2000000.0]",discrete,"[1, 2, 5]",continuous,"[0.1, 10]",discrete,"[True, False]",discrete,"[0.05, 0.1, 0.2]"
796cc_00018,-2990.542428742752,1552.4120400885686,1000.0,0.0,-102.73492431640625,-102.73492431640625,4.301492691040039,5.486474990844727,107.14334106445312,106.39968872070312,-2.340240716934204,16.684680938720703,-16.629791259765625,-15.9490966796875,-0.03231918811798096,0.22496554255485535,/home/ubuntu/fortzl/NeoRL2/benchmark/tune_SafetyHalfCheetah_combo/.aim/models/2a9d3880018143cdac1735f0/policy.pt,1717467719,,True,1,2024-06-04_10-21-59,22269.475293397903,22269.475293397903,538915,common-ddhjpyex,10.244.1.89,22269.475293397903,1,"18_cql_weight=2.5000,horizon=1,rho_s=mix,seed=42",,[6],0.0001,/home/ubuntu/fortzl/NeoRL2/benchmark/tune_SafetyHalfCheetah_combo,combo,0.0001,0.2,0.0003,2.5,0.0003,True,cuda,0.99,"[200, 200, 200, 200]",,,"[2.5e-05, 5e-05, 7.5e-05, 7.5e-05, 0.0001]",10,SafetyHalfCheetah-combo,"[256, 256, 256]",1,10.0,True,0.01,,5,1000,False,5,False,10,[18],256,False,0.5,mix,50000.0,1000,42,0.005,1000,,low,99,SafetyHalfCheetah,1.0,True,256,7,0.001,,True,5,False,10,0.2,False,1,2.5,mix,42,"[2.5, 3.5, 5]","[1, 5]","['model', 'mix']",/home/ubuntu/fortzl/NeoRL2/benchmark/tune_SafetyHalfCheetah_combo,combo,SafetyHalfCheetah-combo,42,SafetyHalfCheetah,SafetyHalfCheetah-combo,combo,SafetyHalfCheetah,/home/ubuntu/fortzl/NeoRL2/benchmark/tune_SafetyHalfCheetah_combo,42,discrete,"[1000000.0, 2000000.0]",discrete,"[1, 2, 5]",continuous,"[0.1, 10]",discrete,"[True, False]",discrete,"[0.05, 0.1, 0.2]"
796cc_00019,1574.6632512316125,256.34782656860034,1000.0,0.0,214.44580078125,214.44580078125,6.493766784667969,13.3558349609375,-196.33755493164062,-196.21554565429688,-248.09376525878906,-245.31729125976562,-62.4591064453125,-61.796142578125,0.04815688729286194,0.866429328918457,/home/ubuntu/fortzl/NeoRL2/benchmark/tune_SafetyHalfCheetah_combo/.aim/models/4bd3c463af9e4cf4b8538a84/policy.pt,1717468784,,True,1,2024-06-04_10-39-44,22710.109817028046,22710.109817028046,539426,common-ddhjpyex,10.244.1.89,22710.109817028046,1,"19_cql_weight=3.5000,horizon=1,rho_s=mix,seed=42",,[6],0.0001,/home/ubuntu/fortzl/NeoRL2/benchmark/tune_SafetyHalfCheetah_combo,combo,0.0001,0.2,0.0003,3.5,0.0003,True,cuda,0.99,"[200, 200, 200, 200]",,,"[2.5e-05, 5e-05, 7.5e-05, 7.5e-05, 0.0001]",10,SafetyHalfCheetah-combo,"[256, 256, 256]",1,10.0,True,0.01,,5,1000,False,5,False,10,[18],256,False,0.5,mix,50000.0,1000,42,0.005,1000,,low,99,SafetyHalfCheetah,1.0,True,256,7,0.001,,True,5,False,10,0.2,False,1,3.5,mix,42,"[2.5, 3.5, 5]","[1, 5]","['model', 'mix']",/home/ubuntu/fortzl/NeoRL2/benchmark/tune_SafetyHalfCheetah_combo,combo,SafetyHalfCheetah-combo,42,SafetyHalfCheetah,SafetyHalfCheetah-combo,combo,SafetyHalfCheetah,/home/ubuntu/fortzl/NeoRL2/benchmark/tune_SafetyHalfCheetah_combo,42,discrete,"[1000000.0, 2000000.0]",discrete,"[1, 2, 5]",continuous,"[0.1, 10]",discrete,"[True, False]",discrete,"[0.05, 0.1, 0.2]"
796cc_00020,1120.8397703178011,582.1998491135894,1000.0,0.0,342.62127685546875,342.62127685546875,-14.614845275878906,-20.536514282226562,-314.36761474609375,-314.165771484375,-378.1955871582031,-377.61627197265625,-127.1134033203125,-128.2154541015625,-0.10624514520168304,1.1721800565719604,/home/ubuntu/fortzl/NeoRL2/benchmark/tune_SafetyHalfCheetah_combo/.aim/models/5cef2571a96e450eb6764542/policy.pt,1717469218,,True,1,2024-06-04_10-46-58,22874.251737356186,22874.251737356186,539850,common-ddhjpyex,10.244.1.89,22874.251737356186,1,"20_cql_weight=5,horizon=1,rho_s=mix,seed=42",,[6],0.0001,/home/ubuntu/fortzl/NeoRL2/benchmark/tune_SafetyHalfCheetah_combo,combo,0.0001,0.2,0.0003,5.0,0.0003,True,cuda,0.99,"[200, 200, 200, 200]",,,"[2.5e-05, 5e-05, 7.5e-05, 7.5e-05, 0.0001]",10,SafetyHalfCheetah-combo,"[256, 256, 256]",1,10.0,True,0.01,,5,1000,False,5,False,10,[18],256,False,0.5,mix,50000.0,1000,42,0.005,1000,,low,99,SafetyHalfCheetah,1.0,True,256,7,0.001,,True,5,False,10,0.2,False,1,5.0,mix,42,"[2.5, 3.5, 5]","[1, 5]","['model', 'mix']",/home/ubuntu/fortzl/NeoRL2/benchmark/tune_SafetyHalfCheetah_combo,combo,SafetyHalfCheetah-combo,42,SafetyHalfCheetah,SafetyHalfCheetah-combo,combo,SafetyHalfCheetah,/home/ubuntu/fortzl/NeoRL2/benchmark/tune_SafetyHalfCheetah_combo,42,discrete,"[1000000.0, 2000000.0]",discrete,"[1, 2, 5]",continuous,"[0.1, 10]",discrete,"[True, False]",discrete,"[0.05, 0.1, 0.2]"
796cc_00021,-339.7647611201691,62.611299666577935,1000.0,0.0,-147.45960998535156,-147.45960998535156,-5.302102088928223,-5.092343330383301,150.74246215820312,150.60311889648438,119.04653930664062,121.50297546386719,-13.158294677734375,-13.06719970703125,-0.3480416536331177,0.4807853102684021,/home/ubuntu/fortzl/NeoRL2/benchmark/tune_SafetyHalfCheetah_combo/.aim/models/5e6ea9140ac548978ca2d000/policy.pt,1717471874,,True,1,2024-06-04_11-31-14,23316.26414990425,23316.26414990425,540798,common-ddhjpyex,10.244.1.89,23316.26414990425,1,"21_cql_weight=2.5000,horizon=5,rho_s=mix,seed=42",,[6],0.0001,/home/ubuntu/fortzl/NeoRL2/benchmark/tune_SafetyHalfCheetah_combo,combo,0.0001,0.2,0.0003,2.5,0.0003,True,cuda,0.99,"[200, 200, 200, 200]",,,"[2.5e-05, 5e-05, 7.5e-05, 7.5e-05, 0.0001]",10,SafetyHalfCheetah-combo,"[256, 256, 256]",5,10.0,True,0.01,,5,1000,False,5,False,10,[18],256,False,0.5,mix,50000.0,1000,42,0.005,1000,,low,99,SafetyHalfCheetah,1.0,True,256,7,0.001,,True,5,False,10,0.2,False,5,2.5,mix,42,"[2.5, 3.5, 5]","[1, 5]","['model', 'mix']",/home/ubuntu/fortzl/NeoRL2/benchmark/tune_SafetyHalfCheetah_combo,combo,SafetyHalfCheetah-combo,42,SafetyHalfCheetah,SafetyHalfCheetah-combo,combo,SafetyHalfCheetah,/home/ubuntu/fortzl/NeoRL2/benchmark/tune_SafetyHalfCheetah_combo,42,discrete,"[1000000.0, 2000000.0]",discrete,"[1, 2, 5]",continuous,"[0.1, 10]",discrete,"[True, False]",discrete,"[0.05, 0.1, 0.2]"
796cc_00022,-170.86929919960951,49.2411118396947,1000.0,0.0,-81.61688232421875,-81.61688232421875,0.6135215759277344,1.7180709838867188,84.84468841552734,84.76753234863281,53.29900360107422,52.958499908447266,-14.133148193359375,-14.929595947265625,-0.24705901741981506,0.6257978081703186,/home/ubuntu/fortzl/NeoRL2/benchmark/tune_SafetyHalfCheetah_combo/.aim/models/759717e52dcb4aab91891f4e/policy.pt,1717472557,,True,1,2024-06-04_11-42-37,23505.931829214096,23505.931829214096,541291,common-ddhjpyex,10.244.1.89,23505.931829214096,1,"22_cql_weight=3.5000,horizon=5,rho_s=mix,seed=42",,[6],0.0001,/home/ubuntu/fortzl/NeoRL2/benchmark/tune_SafetyHalfCheetah_combo,combo,0.0001,0.2,0.0003,3.5,0.0003,True,cuda,0.99,"[200, 200, 200, 200]",,,"[2.5e-05, 5e-05, 7.5e-05, 7.5e-05, 0.0001]",10,SafetyHalfCheetah-combo,"[256, 256, 256]",5,10.0,True,0.01,,5,1000,False,5,False,10,[18],256,False,0.5,mix,50000.0,1000,42,0.005,1000,,low,99,SafetyHalfCheetah,1.0,True,256,7,0.001,,True,5,False,10,0.2,False,5,3.5,mix,42,"[2.5, 3.5, 5]","[1, 5]","['model', 'mix']",/home/ubuntu/fortzl/NeoRL2/benchmark/tune_SafetyHalfCheetah_combo,combo,SafetyHalfCheetah-combo,42,SafetyHalfCheetah,SafetyHalfCheetah-combo,combo,SafetyHalfCheetah,/home/ubuntu/fortzl/NeoRL2/benchmark/tune_SafetyHalfCheetah_combo,42,discrete,"[1000000.0, 2000000.0]",discrete,"[1, 2, 5]",continuous,"[0.1, 10]",discrete,"[True, False]",discrete,"[0.05, 0.1, 0.2]"
796cc_00023,-155.36723962524795,8.048052675705799,1000.0,0.0,34.11919403076172,34.11919403076172,5.15008544921875,3.3619918823242188,-28.90358543395996,-28.70423698425293,-57.49674606323242,-56.807369232177734,-24.528762817382812,-25.0960693359375,-0.2625187635421753,0.768344521522522,/home/ubuntu/fortzl/NeoRL2/benchmark/tune_SafetyHalfCheetah_combo/.aim/models/11339429fa614218be97d5b4/policy.pt,1717473100,,True,1,2024-06-04_11-51-40,23520.294216632843,23520.294216632843,541813,common-ddhjpyex,10.244.1.89,23520.294216632843,1,"23_cql_weight=5,horizon=5,rho_s=mix,seed=42",,[6],0.0001,/home/ubuntu/fortzl/NeoRL2/benchmark/tune_SafetyHalfCheetah_combo,combo,0.0001,0.2,0.0003,5.0,0.0003,True,cuda,0.99,"[200, 200, 200, 200]",,,"[2.5e-05, 5e-05, 7.5e-05, 7.5e-05, 0.0001]",10,SafetyHalfCheetah-combo,"[256, 256, 256]",5,10.0,True,0.01,,5,1000,False,5,False,10,[18],256,False,0.5,mix,50000.0,1000,42,0.005,1000,,low,99,SafetyHalfCheetah,1.0,True,256,7,0.001,,True,5,False,10,0.2,False,5,5.0,mix,42,"[2.5, 3.5, 5]","[1, 5]","['model', 'mix']",/home/ubuntu/fortzl/NeoRL2/benchmark/tune_SafetyHalfCheetah_combo,combo,SafetyHalfCheetah-combo,42,SafetyHalfCheetah,SafetyHalfCheetah-combo,combo,SafetyHalfCheetah,/home/ubuntu/fortzl/NeoRL2/benchmark/tune_SafetyHalfCheetah_combo,42,discrete,"[1000000.0, 2000000.0]",discrete,"[1, 2, 5]",continuous,"[0.1, 10]",discrete,"[True, False]",discrete,"[0.05, 0.1, 0.2]"
796cc_00024,794.4743381971473,701.4874272511369,1000.0,0.0,-0.1026536226272583,-0.1026536226272583,-37.335693359375,-37.797698974609375,11.833222389221191,12.34488582611084,-35.018272399902344,-30.22974967956543,-48.30217742919922,-48.85356140136719,0.1085098385810852,0.5267265439033508,/home/ubuntu/fortzl/NeoRL2/benchmark/tune_SafetyHalfCheetah_combo/.aim/models/440ae74a33ee459f8b8279b6/policy.pt,1717489323,,True,1,2024-06-04_16-22-03,21599.454436063766,21599.454436063766,564770,common-ddhjpyex,10.244.1.89,21599.454436063766,1,"24_cql_weight=2.5000,horizon=1,rho_s=model,seed=210",,[6],0.0001,/home/ubuntu/fortzl/NeoRL2/benchmark/tune_SafetyHalfCheetah_combo,combo,0.0001,0.2,0.0003,2.5,0.0003,True,cuda,0.99,"[200, 200, 200, 200]",,,"[2.5e-05, 5e-05, 7.5e-05, 7.5e-05, 0.0001]",10,SafetyHalfCheetah-combo,"[256, 256, 256]",1,10.0,True,0.01,,5,1000,False,5,False,10,[18],256,False,0.5,model,50000.0,1000,210,0.005,1000,,low,99,SafetyHalfCheetah,1.0,True,256,7,0.001,,True,5,False,10,0.2,False,1,2.5,model,210,"[2.5, 3.5, 5]","[1, 5]","['model', 'mix']",/home/ubuntu/fortzl/NeoRL2/benchmark/tune_SafetyHalfCheetah_combo,combo,SafetyHalfCheetah-combo,210,SafetyHalfCheetah,SafetyHalfCheetah-combo,combo,SafetyHalfCheetah,/home/ubuntu/fortzl/NeoRL2/benchmark/tune_SafetyHalfCheetah_combo,210,discrete,"[1000000.0, 2000000.0]",discrete,"[1, 2, 5]",continuous,"[0.1, 10]",discrete,"[True, False]",discrete,"[0.05, 0.1, 0.2]"
796cc_00025,1770.3899233439229,154.5960727348973,1000.0,0.0,92.93997192382812,92.93997192382812,-42.25226974487305,-43.832820892333984,-80.33259582519531,-80.57869720458984,-119.46036529541016,-114.72439575195312,-58.16259765625,-57.721466064453125,0.0187881737947464,0.7272862195968628,/home/ubuntu/fortzl/NeoRL2/benchmark/tune_SafetyHalfCheetah_combo/.aim/models/1ee46d11858446cfad39f122/policy.pt,1717490558,,True,1,2024-06-04_16-42-38,21770.90162038803,21770.90162038803,568715,common-ddhjpyex,10.244.1.89,21770.90162038803,1,"25_cql_weight=3.5000,horizon=1,rho_s=model,seed=210",,[6],0.0001,/home/ubuntu/fortzl/NeoRL2/benchmark/tune_SafetyHalfCheetah_combo,combo,0.0001,0.2,0.0003,3.5,0.0003,True,cuda,0.99,"[200, 200, 200, 200]",,,"[2.5e-05, 5e-05, 7.5e-05, 7.5e-05, 0.0001]",10,SafetyHalfCheetah-combo,"[256, 256, 256]",1,10.0,True,0.01,,5,1000,False,5,False,10,[18],256,False,0.5,model,50000.0,1000,210,0.005,1000,,low,99,SafetyHalfCheetah,1.0,True,256,7,0.001,,True,5,False,10,0.2,False,1,3.5,model,210,"[2.5, 3.5, 5]","[1, 5]","['model', 'mix']",/home/ubuntu/fortzl/NeoRL2/benchmark/tune_SafetyHalfCheetah_combo,combo,SafetyHalfCheetah-combo,210,SafetyHalfCheetah,SafetyHalfCheetah-combo,combo,SafetyHalfCheetah,/home/ubuntu/fortzl/NeoRL2/benchmark/tune_SafetyHalfCheetah_combo,210,discrete,"[1000000.0, 2000000.0]",discrete,"[1, 2, 5]",continuous,"[0.1, 10]",discrete,"[True, False]",discrete,"[0.05, 0.1, 0.2]"
796cc_00026,993.518146019802,476.07144685543307,1000.0,0.0,390.1451416015625,390.1451416015625,-9.573768615722656,-18.889801025390625,-372.13153076171875,-371.3196716308594,-428.04827880859375,-426.0333251953125,-102.9190673828125,-104.3389892578125,0.057736314833164215,1.1178321838378906,/home/ubuntu/fortzl/NeoRL2/benchmark/tune_SafetyHalfCheetah_combo/.aim/models/a0334d04a38049e98722b344/policy.pt,1717490970,,True,1,2024-06-04_16-49-30,21748.181379556656,21748.181379556656,570391,common-ddhjpyex,10.244.1.89,21748.181379556656,1,"26_cql_weight=5,horizon=1,rho_s=model,seed=210",,[6],0.0001,/home/ubuntu/fortzl/NeoRL2/benchmark/tune_SafetyHalfCheetah_combo,combo,0.0001,0.2,0.0003,5.0,0.0003,True,cuda,0.99,"[200, 200, 200, 200]",,,"[2.5e-05, 5e-05, 7.5e-05, 7.5e-05, 0.0001]",10,SafetyHalfCheetah-combo,"[256, 256, 256]",1,10.0,True,0.01,,5,1000,False,5,False,10,[18],256,False,0.5,model,50000.0,1000,210,0.005,1000,,low,99,SafetyHalfCheetah,1.0,True,256,7,0.001,,True,5,False,10,0.2,False,1,5.0,model,210,"[2.5, 3.5, 5]","[1, 5]","['model', 'mix']",/home/ubuntu/fortzl/NeoRL2/benchmark/tune_SafetyHalfCheetah_combo,combo,SafetyHalfCheetah-combo,210,SafetyHalfCheetah,SafetyHalfCheetah-combo,combo,SafetyHalfCheetah,/home/ubuntu/fortzl/NeoRL2/benchmark/tune_SafetyHalfCheetah_combo,210,discrete,"[1000000.0, 2000000.0]",discrete,"[1, 2, 5]",continuous,"[0.1, 10]",discrete,"[True, False]",discrete,"[0.05, 0.1, 0.2]"
796cc_00027,219.16159010092187,119.03719620992014,1000.0,0.0,-20.497623443603516,-20.497623443603516,-22.434234619140625,-22.07694435119629,30.290903091430664,30.32170295715332,0.48009824752807617,1.080155611038208,-33.292449951171875,-33.53842544555664,0.14655865728855133,0.5518115758895874,/home/ubuntu/fortzl/NeoRL2/benchmark/tune_SafetyHalfCheetah_combo/.aim/models/b539492455d2407aa605ab16/policy.pt,1717494715,,True,1,2024-06-04_17-51-55,22837.355666160583,22837.355666160583,579336,common-ddhjpyex,10.244.1.89,22837.355666160583,1,"27_cql_weight=2.5000,horizon=5,rho_s=model,seed=210",,[6],0.0001,/home/ubuntu/fortzl/NeoRL2/benchmark/tune_SafetyHalfCheetah_combo,combo,0.0001,0.2,0.0003,2.5,0.0003,True,cuda,0.99,"[200, 200, 200, 200]",,,"[2.5e-05, 5e-05, 7.5e-05, 7.5e-05, 0.0001]",10,SafetyHalfCheetah-combo,"[256, 256, 256]",5,10.0,True,0.01,,5,1000,False,5,False,10,[18],256,False,0.5,model,50000.0,1000,210,0.005,1000,,low,99,SafetyHalfCheetah,1.0,True,256,7,0.001,,True,5,False,10,0.2,False,5,2.5,model,210,"[2.5, 3.5, 5]","[1, 5]","['model', 'mix']",/home/ubuntu/fortzl/NeoRL2/benchmark/tune_SafetyHalfCheetah_combo,combo,SafetyHalfCheetah-combo,210,SafetyHalfCheetah,SafetyHalfCheetah-combo,combo,SafetyHalfCheetah,/home/ubuntu/fortzl/NeoRL2/benchmark/tune_SafetyHalfCheetah_combo,210,discrete,"[1000000.0, 2000000.0]",discrete,"[1, 2, 5]",continuous,"[0.1, 10]",discrete,"[True, False]",discrete,"[0.05, 0.1, 0.2]"
796cc_00028,576.4600311401732,104.37559402650604,1000.0,0.0,113.53253173828125,113.53253173828125,-32.099586486816406,-31.825958251953125,-100.27577209472656,-100.42681121826172,-130.26126098632812,-130.21267700195312,-54.92431640625,-53.570770263671875,0.10458128154277802,0.7076337337493896,/home/ubuntu/fortzl/NeoRL2/benchmark/tune_SafetyHalfCheetah_combo/.aim/models/e67d5af97f784b5eac62268a/policy.pt,1717495572,,True,1,2024-06-04_18-06-12,23010.88998556137,23010.88998556137,581889,common-ddhjpyex,10.244.1.89,23010.88998556137,1,"28_cql_weight=3.5000,horizon=5,rho_s=model,seed=210",,[6],0.0001,/home/ubuntu/fortzl/NeoRL2/benchmark/tune_SafetyHalfCheetah_combo,combo,0.0001,0.2,0.0003,3.5,0.0003,True,cuda,0.99,"[200, 200, 200, 200]",,,"[2.5e-05, 5e-05, 7.5e-05, 7.5e-05, 0.0001]",10,SafetyHalfCheetah-combo,"[256, 256, 256]",5,10.0,True,0.01,,5,1000,False,5,False,10,[18],256,False,0.5,model,50000.0,1000,210,0.005,1000,,low,99,SafetyHalfCheetah,1.0,True,256,7,0.001,,True,5,False,10,0.2,False,5,3.5,model,210,"[2.5, 3.5, 5]","[1, 5]","['model', 'mix']",/home/ubuntu/fortzl/NeoRL2/benchmark/tune_SafetyHalfCheetah_combo,combo,SafetyHalfCheetah-combo,210,SafetyHalfCheetah,SafetyHalfCheetah-combo,combo,SafetyHalfCheetah,/home/ubuntu/fortzl/NeoRL2/benchmark/tune_SafetyHalfCheetah_combo,210,discrete,"[1000000.0, 2000000.0]",discrete,"[1, 2, 5]",continuous,"[0.1, 10]",discrete,"[True, False]",discrete,"[0.05, 0.1, 0.2]"
796cc_00029,1506.2545576083976,245.7650575012502,1000.0,0.0,366.2818298339844,366.2818298339844,-60.65354919433594,-58.167991638183594,-347.188232421875,-347.3777160644531,-384.34503173828125,-383.8785705566406,-100.7225341796875,-99.1632080078125,-0.012451390735805035,1.0224984884262085,/home/ubuntu/fortzl/NeoRL2/benchmark/tune_SafetyHalfCheetah_combo/.aim/models/5b38854642a241c3beb7eff8/policy.pt,1717496203,,True,1,2024-06-04_18-16-43,23098.85685658455,23098.85685658455,583977,common-ddhjpyex,10.244.1.89,23098.85685658455,1,"29_cql_weight=5,horizon=5,rho_s=model,seed=210",,[6],0.0001,/home/ubuntu/fortzl/NeoRL2/benchmark/tune_SafetyHalfCheetah_combo,combo,0.0001,0.2,0.0003,5.0,0.0003,True,cuda,0.99,"[200, 200, 200, 200]",,,"[2.5e-05, 5e-05, 7.5e-05, 7.5e-05, 0.0001]",10,SafetyHalfCheetah-combo,"[256, 256, 256]",5,10.0,True,0.01,,5,1000,False,5,False,10,[18],256,False,0.5,model,50000.0,1000,210,0.005,1000,,low,99,SafetyHalfCheetah,1.0,True,256,7,0.001,,True,5,False,10,0.2,False,5,5.0,model,210,"[2.5, 3.5, 5]","[1, 5]","['model', 'mix']",/home/ubuntu/fortzl/NeoRL2/benchmark/tune_SafetyHalfCheetah_combo,combo,SafetyHalfCheetah-combo,210,SafetyHalfCheetah,SafetyHalfCheetah-combo,combo,SafetyHalfCheetah,/home/ubuntu/fortzl/NeoRL2/benchmark/tune_SafetyHalfCheetah_combo,210,discrete,"[1000000.0, 2000000.0]",discrete,"[1, 2, 5]",continuous,"[0.1, 10]",discrete,"[True, False]",discrete,"[0.05, 0.1, 0.2]"
796cc_00030,-438.8093539739196,991.5007204212667,1000.0,0.0,29.46056365966797,29.46056365966797,-25.026092529296875,-23.886032104492188,-17.646183013916016,-18.02289581298828,-54.397010803222656,-58.605323791503906,-35.134864807128906,-33.9507942199707,0.002162627875804901,0.4895680844783783,/home/ubuntu/fortzl/NeoRL2/benchmark/tune_SafetyHalfCheetah_combo/.aim/models/2d9c837ee95e4e6c88afd7e4/policy.pt,1717511805,,True,1,2024-06-04_22-36-45,22478.259257555008,22478.259257555008,629681,common-ddhjpyex,10.244.1.89,22478.259257555008,1,"30_cql_weight=2.5000,horizon=1,rho_s=mix,seed=210",,[6],0.0001,/home/ubuntu/fortzl/NeoRL2/benchmark/tune_SafetyHalfCheetah_combo,combo,0.0001,0.2,0.0003,2.5,0.0003,True,cuda,0.99,"[200, 200, 200, 200]",,,"[2.5e-05, 5e-05, 7.5e-05, 7.5e-05, 0.0001]",10,SafetyHalfCheetah-combo,"[256, 256, 256]",1,10.0,True,0.01,,5,1000,False,5,False,10,[18],256,False,0.5,mix,50000.0,1000,210,0.005,1000,,low,99,SafetyHalfCheetah,1.0,True,256,7,0.001,,True,5,False,10,0.2,False,1,2.5,mix,210,"[2.5, 3.5, 5]","[1, 5]","['model', 'mix']",/home/ubuntu/fortzl/NeoRL2/benchmark/tune_SafetyHalfCheetah_combo,combo,SafetyHalfCheetah-combo,210,SafetyHalfCheetah,SafetyHalfCheetah-combo,combo,SafetyHalfCheetah,/home/ubuntu/fortzl/NeoRL2/benchmark/tune_SafetyHalfCheetah_combo,210,discrete,"[1000000.0, 2000000.0]",discrete,"[1, 2, 5]",continuous,"[0.1, 10]",discrete,"[True, False]",discrete,"[0.05, 0.1, 0.2]"
796cc_00031,447.9452149883832,907.2771338372647,1000.0,0.0,152.61485290527344,152.61485290527344,-7.75421142578125,-7.824573516845703,-141.57742309570312,-141.93960571289062,-205.92909240722656,-198.97207641601562,-40.7330322265625,-40.10693359375,-0.061810921877622604,0.6768600344657898,/home/ubuntu/fortzl/NeoRL2/benchmark/tune_SafetyHalfCheetah_combo/.aim/models/7e94e63732d34b01b03b3ebe/policy.pt,1717512764,,True,1,2024-06-04_22-52-44,22201.88661813736,22201.88661813736,633223,common-ddhjpyex,10.244.1.89,22201.88661813736,1,"31_cql_weight=3.5000,horizon=1,rho_s=mix,seed=210",,[6],0.0001,/home/ubuntu/fortzl/NeoRL2/benchmark/tune_SafetyHalfCheetah_combo,combo,0.0001,0.2,0.0003,3.5,0.0003,True,cuda,0.99,"[200, 200, 200, 200]",,,"[2.5e-05, 5e-05, 7.5e-05, 7.5e-05, 0.0001]",10,SafetyHalfCheetah-combo,"[256, 256, 256]",1,10.0,True,0.01,,5,1000,False,5,False,10,[18],256,False,0.5,mix,50000.0,1000,210,0.005,1000,,low,99,SafetyHalfCheetah,1.0,True,256,7,0.001,,True,5,False,10,0.2,False,1,3.5,mix,210,"[2.5, 3.5, 5]","[1, 5]","['model', 'mix']",/home/ubuntu/fortzl/NeoRL2/benchmark/tune_SafetyHalfCheetah_combo,combo,SafetyHalfCheetah-combo,210,SafetyHalfCheetah,SafetyHalfCheetah-combo,combo,SafetyHalfCheetah,/home/ubuntu/fortzl/NeoRL2/benchmark/tune_SafetyHalfCheetah_combo,210,discrete,"[1000000.0, 2000000.0]",discrete,"[1, 2, 5]",continuous,"[0.1, 10]",discrete,"[True, False]",discrete,"[0.05, 0.1, 0.2]"
796cc_00032,1394.1554447849887,346.2643456656592,1000.0,0.0,367.391845703125,367.391845703125,-4.5699310302734375,3.5918960571289062,-350.1547546386719,-350.68841552734375,-402.2197265625,-400.0141296386719,-76.4031982421875,-72.2127685546875,0.04380376636981964,1.087194561958313,/home/ubuntu/fortzl/NeoRL2/benchmark/tune_SafetyHalfCheetah_combo/.aim/models/59d49ebd8ea94d63ba237e8d/policy.pt,1717513280,,True,1,2024-06-04_23-01-20,22305.515566587448,22305.515566587448,634714,common-ddhjpyex,10.244.1.89,22305.515566587448,1,"32_cql_weight=5,horizon=1,rho_s=mix,seed=210",,[6],0.0001,/home/ubuntu/fortzl/NeoRL2/benchmark/tune_SafetyHalfCheetah_combo,combo,0.0001,0.2,0.0003,5.0,0.0003,True,cuda,0.99,"[200, 200, 200, 200]",,,"[2.5e-05, 5e-05, 7.5e-05, 7.5e-05, 0.0001]",10,SafetyHalfCheetah-combo,"[256, 256, 256]",1,10.0,True,0.01,,5,1000,False,5,False,10,[18],256,False,0.5,mix,50000.0,1000,210,0.005,1000,,low,99,SafetyHalfCheetah,1.0,True,256,7,0.001,,True,5,False,10,0.2,False,1,5.0,mix,210,"[2.5, 3.5, 5]","[1, 5]","['model', 'mix']",/home/ubuntu/fortzl/NeoRL2/benchmark/tune_SafetyHalfCheetah_combo,combo,SafetyHalfCheetah-combo,210,SafetyHalfCheetah,SafetyHalfCheetah-combo,combo,SafetyHalfCheetah,/home/ubuntu/fortzl/NeoRL2/benchmark/tune_SafetyHalfCheetah_combo,210,discrete,"[1000000.0, 2000000.0]",discrete,"[1, 2, 5]",continuous,"[0.1, 10]",discrete,"[True, False]",discrete,"[0.05, 0.1, 0.2]"
796cc_00033,-102.32041376400188,19.640684534415602,1000.0,0.0,-163.3279266357422,-163.3279266357422,-2.745594024658203,-2.9049758911132812,165.63772583007812,166.07522583007812,136.7431640625,137.3376007080078,-12.012939453125,-12.411224365234375,0.30983954668045044,0.48144808411598206,/home/ubuntu/fortzl/NeoRL2/benchmark/tune_SafetyHalfCheetah_combo/.aim/models/0ed11dad9b1a4719a9664238/policy.pt,1717515855,,True,1,2024-06-04_23-44-15,21135.656384706497,21135.656384706497,645398,common-ddhjpyex,10.244.1.89,21135.656384706497,1,"33_cql_weight=2.5000,horizon=5,rho_s=mix,seed=210",,[6],0.0001,/home/ubuntu/fortzl/NeoRL2/benchmark/tune_SafetyHalfCheetah_combo,combo,0.0001,0.2,0.0003,2.5,0.0003,True,cuda,0.99,"[200, 200, 200, 200]",,,"[2.5e-05, 5e-05, 7.5e-05, 7.5e-05, 0.0001]",10,SafetyHalfCheetah-combo,"[256, 256, 256]",5,10.0,True,0.01,,5,1000,False,5,False,10,[18],256,False,0.5,mix,50000.0,1000,210,0.005,1000,,low,99,SafetyHalfCheetah,1.0,True,256,7,0.001,,True,5,False,10,0.2,False,5,2.5,mix,210,"[2.5, 3.5, 5]","[1, 5]","['model', 'mix']",/home/ubuntu/fortzl/NeoRL2/benchmark/tune_SafetyHalfCheetah_combo,combo,SafetyHalfCheetah-combo,210,SafetyHalfCheetah,SafetyHalfCheetah-combo,combo,SafetyHalfCheetah,/home/ubuntu/fortzl/NeoRL2/benchmark/tune_SafetyHalfCheetah_combo,210,discrete,"[1000000.0, 2000000.0]",discrete,"[1, 2, 5]",continuous,"[0.1, 10]",discrete,"[True, False]",discrete,"[0.05, 0.1, 0.2]"
796cc_00034,-346.4585023033508,13.239065466063362,1000.0,0.0,-123.04876708984375,-123.04876708984375,-1.3353328704833984,-0.4818000793457031,126.70641326904297,127.2762451171875,96.21561431884766,97.19683074951172,-17.957489013671875,-18.693817138671875,-0.08134995400905609,0.590807318687439,/home/ubuntu/fortzl/NeoRL2/benchmark/tune_SafetyHalfCheetah_combo/.aim/models/588dae4d439b4f7a9ca96f09/policy.pt,1717518323,,True,1,2024-06-05_00-25-23,22746.980414390564,22746.980414390564,648913,common-ddhjpyex,10.244.1.89,22746.980414390564,1,"34_cql_weight=3.5000,horizon=5,rho_s=mix,seed=210",,[6],0.0001,/home/ubuntu/fortzl/NeoRL2/benchmark/tune_SafetyHalfCheetah_combo,combo,0.0001,0.2,0.0003,3.5,0.0003,True,cuda,0.99,"[200, 200, 200, 200]",,,"[2.5e-05, 5e-05, 7.5e-05, 7.5e-05, 0.0001]",10,SafetyHalfCheetah-combo,"[256, 256, 256]",5,10.0,True,0.01,,5,1000,False,5,False,10,[18],256,False,0.5,mix,50000.0,1000,210,0.005,1000,,low,99,SafetyHalfCheetah,1.0,True,256,7,0.001,,True,5,False,10,0.2,False,5,3.5,mix,210,"[2.5, 3.5, 5]","[1, 5]","['model', 'mix']",/home/ubuntu/fortzl/NeoRL2/benchmark/tune_SafetyHalfCheetah_combo,combo,SafetyHalfCheetah-combo,210,SafetyHalfCheetah,SafetyHalfCheetah-combo,combo,SafetyHalfCheetah,/home/ubuntu/fortzl/NeoRL2/benchmark/tune_SafetyHalfCheetah_combo,210,discrete,"[1000000.0, 2000000.0]",discrete,"[1, 2, 5]",continuous,"[0.1, 10]",discrete,"[True, False]",discrete,"[0.05, 0.1, 0.2]"
796cc_00035,-187.8878725300622,12.928056313751298,1000.0,0.0,-12.962209701538086,-12.962209701538086,-1.4336395263671875,-2.545238494873047,18.65701675415039,18.918733596801758,-12.396212577819824,-10.577847480773926,-29.733734130859375,-29.816932678222656,-0.08643417060375214,0.7598457932472229,/home/ubuntu/fortzl/NeoRL2/benchmark/tune_SafetyHalfCheetah_combo/.aim/models/7c84b4a7f0b3467da06779d3/policy.pt,1717518679,,True,1,2024-06-05_00-31-19,22472.008578777313,22472.008578777313,649777,common-ddhjpyex,10.244.1.89,22472.008578777313,1,"35_cql_weight=5,horizon=5,rho_s=mix,seed=210",,[6],0.0001,/home/ubuntu/fortzl/NeoRL2/benchmark/tune_SafetyHalfCheetah_combo,combo,0.0001,0.2,0.0003,5.0,0.0003,True,cuda,0.99,"[200, 200, 200, 200]",,,"[2.5e-05, 5e-05, 7.5e-05, 7.5e-05, 0.0001]",10,SafetyHalfCheetah-combo,"[256, 256, 256]",5,10.0,True,0.01,,5,1000,False,5,False,10,[18],256,False,0.5,mix,50000.0,1000,210,0.005,1000,,low,99,SafetyHalfCheetah,1.0,True,256,7,0.001,,True,5,False,10,0.2,False,5,5.0,mix,210,"[2.5, 3.5, 5]","[1, 5]","['model', 'mix']",/home/ubuntu/fortzl/NeoRL2/benchmark/tune_SafetyHalfCheetah_combo,combo,SafetyHalfCheetah-combo,210,SafetyHalfCheetah,SafetyHalfCheetah-combo,combo,SafetyHalfCheetah,/home/ubuntu/fortzl/NeoRL2/benchmark/tune_SafetyHalfCheetah_combo,210,discrete,"[1000000.0, 2000000.0]",discrete,"[1, 2, 5]",continuous,"[0.1, 10]",discrete,"[True, False]",discrete,"[0.05, 0.1, 0.2]"
